,Node Cluster,ME score,Level 0 support,Level 0 trees,Level 1 support,Level 1 trees,Level 2 support,Level 2 trees,Level 3 support,Level 3 trees,Level 4 support,Level 4 trees,Level 5 support,Level 5 trees,Level 6 support,Level 6 trees,Level 7 support,Level 7 trees,Level 8 support,Level 8 trees,Level 9 support,Level 9 trees,Level 10 support,Level 10 trees,Level 11 support,Level 11 trees,Level 12 support,Level 12 trees,Level 13 support,Level 13 trees,Level 14 support,Level 14 trees,Level 15 support,Level 15 trees,Level 16 support,Level 16 trees,Level 17 support,Level 17 trees,Level 18 support,Level 18 trees,Level 19 support,Level 19 trees,Level 20 support,Level 20 trees,Level 21 support,Level 21 trees,Level 22 support,Level 22 trees,Level 23 support,Level 23 trees,Level 24 support,Level 24 trees,Level 25 support,Level 25 trees,Level 26 support,Level 26 trees,Level 27 support,Level 27 trees,Level 28 support,Level 28 trees,Level 29 support,Level 29 trees,Level 30 support,Level 30 trees,Level 31 support,Level 31 trees,Level 32 support,Level 32 trees,Level 33 support,Level 33 trees,Level 34 support,Level 34 trees,Level 35 support,Level 35 trees,Level 36 support,Level 36 trees,Level 37 support,Level 37 trees,Level 38 support,Level 38 trees,Level 39 support,Level 39 trees,Level 40 support,Level 40 trees,Level 41 support,Level 41 trees,Level 42 support,Level 42 trees,Level 43 support,Level 43 trees,Level 44 support,Level 44 trees,Level 45 support,Level 45 trees,Level 46 support,Level 46 trees,Level 47 support,Level 47 trees,Level 48 support,Level 48 trees,Level 49 support,Level 49 trees,Level 50 support,Level 50 trees,Level 51 support,Level 51 trees,Level 52 support,Level 52 trees,Level 53 support,Level 53 trees,Level 54 support,Level 54 trees,Level 55 support,Level 55 trees,Level 56 support,Level 56 trees,Level 57 support,Level 57 trees,Level 58 support,Level 58 trees,Level 59 support,Level 59 trees,Level 60 support,Level 60 trees,Level 61 support,Level 61 trees,Level 62 support,Level 62 trees,Level 63 support,Level 63 trees,Level 64 support,Level 64 trees,Level 65 support,Level 65 trees,Level 66 support,Level 66 trees,Level 67 support,Level 67 trees,Level 68 support,Level 68 trees,Level 69 support,Level 69 trees,Level 70 support,Level 70 trees,Level 71 support,Level 71 trees,Level 72 support,Level 72 trees,Level 73 support,Level 73 trees,Level 74 support,Level 74 trees,Level 75 support,Level 75 trees,Level 76 support,Level 76 trees,Level 77 support,Level 77 trees,Level 78 support,Level 78 trees,Level 79 support,Level 79 trees,Level 80 support,Level 80 trees,Level 81 support,Level 81 trees,Level 82 support,Level 82 trees,Level 83 support,Level 83 trees,Level 84 support,Level 84 trees,Level 85 support,Level 85 trees,Level 86 support,Level 86 trees,Level 87 support,Level 87 trees,Level 88 support,Level 88 trees,Level 89 support,Level 89 trees,Level 90 support,Level 90 trees,Level 91 support,Level 91 trees,Level 92 support,Level 92 trees,Level 93 support,Level 93 trees,Level 94 support,Level 94 trees,Level 95 support,Level 95 trees,Level 96 support,Level 96 trees,Level 97 support,Level 97 trees,Level 98 support,Level 98 trees,Level 99 support,Level 99 trees,Level 100 support,Level 100 trees,Level 101 support,Level 101 trees,Level 102 support,Level 102 trees,Level 103 support,Level 103 trees,Level 104 support,Level 104 trees,Level 105 support,Level 105 trees,Level 106 support,Level 106 trees,Level 107 support,Level 107 trees,Level 108 support,Level 108 trees,Level 109 support,Level 109 trees,Level 110 support,Level 110 trees,Level 111 support,Level 111 trees,Level 112 support,Level 112 trees,Level 113 support,Level 113 trees,Level 114 support,Level 114 trees,Level 115 support,Level 115 trees,Level 116 support,Level 116 trees,Level 117 support,Level 117 trees,Level 118 support,Level 118 trees,Level 119 support,Level 119 trees,Level 120 support,Level 120 trees,Level 121 support,Level 121 trees,Level 122 support,Level 122 trees,Level 123 support,Level 123 trees,Level 124 support,Level 124 trees,Level 125 support,Level 125 trees,Level 126 support,Level 126 trees,Level 127 support,Level 127 trees,Level 128 support,Level 128 trees,Level 129 support,Level 129 trees,Level 130 support,Level 130 trees,Level 131 support,Level 131 trees,Level 132 support,Level 132 trees,Level 133 support,Level 133 trees,Level 134 support,Level 134 trees,Level 135 support,Level 135 trees,Level 136 support,Level 136 trees,Level 137 support,Level 137 trees,Level 138 support,Level 138 trees,Level 139 support,Level 139 trees,Level 140 support,Level 140 trees,Level 141 support,Level 141 trees,Level 142 support,Level 142 trees,Level 143 support,Level 143 trees,Level 144 support,Level 144 trees,Level 145 support,Level 145 trees,Level 146 support,Level 146 trees,Level 147 support,Level 147 trees,Level 148 support,Level 148 trees,Level 149 support,Level 149 trees,Level 150 support,Level 150 trees,Level 151 support,Level 151 trees,Level 152 support,Level 152 trees,Level 153 support,Level 153 trees,Level 154 support,Level 154 trees,Level 155 support,Level 155 trees,Level 156 support,Level 156 trees,Level 157 support,Level 157 trees,Level 158 support,Level 158 trees,Level 159 support,Level 159 trees,Level 160 support,Level 160 trees,Level 161 support,Level 161 trees,Level 162 support,Level 162 trees,Level 163 support,Level 163 trees,Level 164 support,Level 164 trees,Level 165 support,Level 165 trees,Level 166 support,Level 166 trees,Level 167 support,Level 167 trees,Level 168 support,Level 168 trees,Level 169 support,Level 169 trees,Level 170 support,Level 170 trees,Level 171 support,Level 171 trees,Level 172 support,Level 172 trees,Level 173 support,Level 173 trees,Level 174 support,Level 174 trees,Level 175 support,Level 175 trees,Level 176 support,Level 176 trees,Level 177 support,Level 177 trees,Level 178 support,Level 178 trees,Level 179 support,Level 179 trees,Level 180 support,Level 180 trees,Level 181 support,Level 181 trees,Level 182 support,Level 182 trees,Level 183 support,Level 183 trees,Level 184 support,Level 184 trees,Level 185 support,Level 185 trees,Level 186 support,Level 186 trees,Level 187 support,Level 187 trees,Level 188 support,Level 188 trees,Level 189 support,Level 189 trees,Level 190 support,Level 190 trees,Level 191 support,Level 191 trees,Level 192 support,Level 192 trees,Level 193 support,Level 193 trees,Level 194 support,Level 194 trees,Level 195 support,Level 195 trees,Level 196 support,Level 196 trees,Level 197 support,Level 197 trees,Level 198 support,Level 198 trees,Level 199 support,Level 199 trees,Level 200 support,Level 200 trees,Level 201 support,Level 201 trees,Level 202 support,Level 202 trees,Level 203 support,Level 203 trees,Level 204 support,Level 204 trees,Level 205 support,Level 205 trees,Level 206 support,Level 206 trees,Level 207 support,Level 207 trees,Level 208 support,Level 208 trees,Level 209 support,Level 209 trees,Level 210 support,Level 210 trees,Level 211 support,Level 211 trees,Level 212 support,Level 212 trees,Level 213 support,Level 213 trees,Level 214 support,Level 214 trees,Level 215 support,Level 215 trees,Level 216 support,Level 216 trees,Level 217 support,Level 217 trees,Level 218 support,Level 218 trees,Level 219 support,Level 219 trees,Level 220 support,Level 220 trees,Level 221 support,Level 221 trees,Level 222 support,Level 222 trees,Level 223 support,Level 223 trees,Level 224 support,Level 224 trees,Level 225 support,Level 225 trees,Level 226 support,Level 226 trees,Level 227 support,Level 227 trees,Level 228 support,Level 228 trees,Level 229 support,Level 229 trees,Level 230 support,Level 230 trees,Level 231 support,Level 231 trees,Level 232 support,Level 232 trees,Level 233 support,Level 233 trees,Level 234 support,Level 234 trees
0,AEDAE;ANOGA;DROME;DROPS;APIME;SCHMA;BOVIN;CANFA;HUMAN;PANTR;MACMU;MOUSE;RAT;MONDO;CHICK;XENTR;BRARE;TETNG;FUGRU;ORYLA;GASAC;CIOIN;CAEBR;CAEEL;YEAST;SCHPO;ARATH;ORYSA,8.0,490.0,"{0, 2, 3, 6, 10, 12, 14, 17, 18, 19, 22, 23, 27, 29, 30, 33, 40, 41, 45, 50, 51, 54, 59, 65, 71, 72, 74, 75, 77, 81, 82, 85, 86, 88, 89, 91, 92, 93, 94, 95, 96, 105, 107, 108, 109, 110, 111, 112, 113, 116, 118, 123, 125, 126, 127, 129, 130, 131, 138, 139, 140, 142, 144, 146, 149, 153, 156, 157, 158, 161, 162, 163, 171, 172, 176, 178, 180, 187, 188, 191, 194, 199, 202, 204, 208, 218, 220, 227, 232, 233, 235, 236, 239, 242, 243, 244, 246, 248, 251, 253, 254, 255, 256, 257, 259, 260, 261, 262, 263, 265, 271, 272, 274, 275, 279, 280, 287, 291, 294, 295, 299, 300, 304, 307, 316, 318, 323, 325, 326, 330, 331, 332, 333, 336, 348, 352, 353, 354, 355, 357, 358, 359, 362, 363, 364, 368, 370, 377, 378, 380, 381, 383, 385, 387, 389, 392, 393, 398, 399, 400, 402, 403, 404, 407, 409, 411, 418, 421, 422, 432, 433, 435, 437, 438, 440, 442, 443, 444, 446, 455, 457, 458, 460, 462, 464, 469, 471, 472, 473, 474, 478, 479, 481, 484, 485, 489, 490, 491, 497, 498, 508, 521, 523, 528, 534, 536, 543, 547, 548, 549, 552, 555, 556, 559, 564, 566, 571, 582, 585, 586, 590, 593, 594, 595, 597, 609, 611, 612, 615, 616, 618, 619, 620, 622, 626, 629, 636, 640, 641, 642, 644, 646, 650, 651, 652, 657, 664, 671, 672, 675, 678, 679, 680, 683, 684, 685, 686, 688, 691, 693, 694, 698, 700, 701, 704, 706, 707, 709, 711, 714, 716, 717, 719, 720, 722, 724, 725, 726, 727, 728, 729, 730, 732, 733, 734, 735, 741, 744, 745, 746, 747, 748, 750, 751, 752, 753, 754, 757, 759, 762, 767, 768, 769, 772, 774, 776, 779, 780, 781, 784, 787, 793, 794, 798, 799, 800, 801, 803, 810, 813, 814, 816, 818, 820, 823, 824, 825, 828, 832, 834, 835, 836, 837, 839, 840, 841, 842, 848, 852, 853, 854, 855, 858, 859, 862, 864, 869, 871, 874, 875, 878, 880, 881, 886, 887, 888, 893, 894, 898, 901, 903, 904, 905, 906, 907, 913, 914, 915, 918, 919, 920, 921, 922, 924, 926, 929, 930, 933, 938, 940, 945, 946, 947, 948, 949, 951, 953, 955, 956, 957, 959, 962, 966, 967, 969, 976, 978, 983, 984, 986, 989, 990, 991, 995, 999, 1001, 1002, 1003, 1005, 1006, 1007, 1010, 1011, 1015, 1018, 1020, 1024, 1025, 1027, 1030, 1033, 1035, 1036, 1039, 1040, 1041, 1042, 1045, 1046, 1047, 1048, 1049, 1053, 1055, 1057, 1061, 1066, 1073, 1074, 1076, 1077, 1079, 1081, 1083, 1084, 1088, 1090, 1093, 1095, 1096, 1097, 1098, 1100, 1102, 1103, 1104, 1110, 1112, 1116, 1126, 1127, 1128, 1134, 1137, 1140, 1142, 1147, 1150, 1151, 1152, 1162, 1183, 1184, 1193, 1194, 1198, 1201, 1216, 1220, 1224, 1226, 1238, 1240, 1246, 1250, 1251, 1252, 1256, 1257, 1258}",150.0,"{0, 523, 12, 1036, 14, 528, 1042, 19, 534, 1049, 27, 30, 547, 548, 555, 559, 564, 1076, 566, 59, 1083, 1084, 1090, 1095, 74, 75, 77, 590, 1102, 1103, 81, 82, 593, 1104, 85, 1112, 93, 96, 611, 612, 105, 107, 108, 110, 111, 112, 113, 116, 118, 1150, 1151, 1152, 129, 641, 138, 142, 657, 157, 672, 162, 675, 1194, 684, 1201, 180, 693, 701, 1216, 194, 1224, 716, 208, 720, 1238, 1240, 730, 735, 1250, 1252, 1257, 1258, 748, 752, 753, 767, 768, 263, 265, 779, 272, 279, 280, 799, 291, 294, 300, 304, 818, 307, 820, 824, 834, 835, 326, 330, 331, 332, 353, 354, 355, 358, 359, 362, 363, 880, 881, 370, 888, 387, 903, 392, 398, 914, 403, 918, 407, 409, 922, 411, 926, 435, 948, 951, 443, 444, 956, 455, 457, 462, 469, 472, 474, 989, 478, 479, 485, 489, 490, 497, 1020}",52.0,"{768, 129, 1152, 903, 392, 138, 523, 12, 14, 398, 657, 1042, 534, 279, 407, 30, 291, 548, 820, 693, 566, 824, 59, 443, 701, 1083, 194, 835, 1090, 330, 462, 590, 720, 1103, 82, 1104, 85, 474, 478, 96, 354, 355, 1252, 485, 358, 105, 362, 1257, 108, 497, 370, 888}",24.0,"{768, 129, 392, 14, 398, 1042, 534, 291, 548, 693, 443, 59, 194, 1090, 590, 720, 85, 478, 1252, 485, 105, 1257, 108, 370}",13.0,"{129, 194, 1090, 548, 392, 105, 1257, 14, 398, 720, 370, 534, 443}",10.0,"{129, 194, 1090, 392, 105, 1257, 14, 720, 370, 534}",6.0,"{194, 1090, 105, 720, 370, 534}",1.0,{194},,,,,,,,,,,,,,,,,,,,,,,,,,,,,,,,,,,,,,,,,,,,,,,,,,,,,,,,,,,,,,,,,,,,,,,,,,,,,,,,,,,,,,,,,,,,,,,,,,,,,,,,,,,,,,,,,,,,,,,,,,,,,,,,,,,,,,,,,,,,,,,,,,,,,,,,,,,,,,,,,,,,,,,,,,,,,,,,,,,,,,,,,,,,,,,,,,,,,,,,,,,,,,,,,,,,,,,,,,,,,,,,,,,,,,,,,,,,,,,,,,,,,,,,,,,,,,,,,,,,,,,,,,,,,,,,,,,,,,,,,,,,,,,,,,,,,,,,,,,,,,,,,,,,,,,,,,,,,,,,,,,,,,,,,,,,,,,,,,,,,,,,,,,,,,,,,,,,,,,,,,,,,,,,,,,,,,,,,,,,,,,,,,,,,,,,,,,,,,,,,,,,,,,,,,,,,,,,,,,,,,,,,,,,,,,,,,,,,,,,,,,,,,,,,,,,,,
1,AEDAE;ANOGA;DROME;DROPS;APIME;SCHMA;BOVIN;CANFA;HUMAN;PANTR;MACMU;MOUSE;RAT;MONDO;CHICK;XENTR;BRARE;TETNG;FUGRU;ORYLA;GASAC;CIOIN;CAEBR;CAEEL;YEAST;SCHPO,2.0,417.0,"{2, 11, 14, 15, 17, 20, 24, 25, 27, 29, 34, 35, 39, 40, 51, 56, 57, 58, 59, 61, 62, 66, 71, 74, 77, 80, 81, 82, 86, 90, 96, 107, 121, 122, 129, 134, 140, 141, 147, 151, 155, 162, 164, 168, 170, 172, 174, 175, 177, 179, 180, 181, 182, 184, 185, 190, 192, 193, 194, 202, 208, 209, 216, 218, 219, 220, 222, 227, 229, 235, 236, 238, 239, 241, 243, 244, 245, 246, 249, 253, 254, 261, 262, 266, 277, 282, 287, 288, 289, 306, 309, 319, 326, 333, 336, 339, 341, 345, 347, 353, 356, 358, 359, 360, 361, 366, 367, 370, 373, 380, 381, 382, 385, 387, 390, 392, 395, 401, 403, 407, 408, 411, 415, 428, 435, 437, 443, 447, 456, 460, 461, 465, 466, 472, 478, 481, 483, 490, 492, 494, 498, 500, 501, 502, 503, 505, 506, 509, 521, 523, 534, 536, 538, 539, 540, 549, 552, 553, 554, 557, 567, 570, 571, 573, 578, 579, 584, 588, 589, 590, 593, 594, 601, 603, 604, 608, 609, 615, 617, 618, 621, 623, 625, 627, 628, 629, 630, 632, 634, 637, 641, 642, 644, 648, 649, 650, 654, 656, 658, 661, 667, 669, 670, 671, 674, 675, 677, 679, 681, 684, 685, 691, 692, 693, 697, 699, 700, 701, 702, 706, 709, 710, 713, 714, 715, 717, 718, 723, 725, 726, 729, 730, 731, 732, 734, 737, 740, 741, 743, 744, 745, 746, 748, 749, 750, 753, 757, 758, 760, 761, 762, 763, 770, 772, 775, 777, 786, 787, 788, 789, 790, 793, 797, 798, 801, 802, 803, 804, 805, 806, 808, 811, 815, 817, 825, 826, 827, 832, 835, 843, 844, 845, 846, 847, 850, 856, 860, 861, 865, 867, 868, 872, 873, 875, 876, 877, 879, 881, 882, 885, 888, 891, 892, 894, 896, 897, 902, 903, 906, 908, 909, 910, 912, 919, 923, 932, 933, 935, 936, 937, 942, 944, 946, 953, 954, 955, 956, 957, 958, 961, 962, 963, 965, 970, 973, 974, 981, 982, 983, 985, 988, 993, 994, 996, 997, 998, 1001, 1009, 1010, 1011, 1021, 1022, 1029, 1032, 1034, 1036, 1037, 1039, 1041, 1043, 1044, 1046, 1055, 1057, 1062, 1064, 1069, 1074, 1077, 1078, 1081, 1082, 1085, 1086, 1087, 1089, 1091, 1093, 1107, 1110, 1112, 1114, 1118, 1127, 1128, 1129, 1130, 1132, 1134, 1136, 1137, 1138, 1139, 1144, 1158, 1181, 1197, 1198, 1202, 1205, 1218, 1219, 1220, 1224, 1226, 1232, 1234, 1238, 1239, 1246, 1248, 1255, 1257, 1262, 1263, 1264, 1271}",16.0,"{193, 641, 615, 456, 748, 77, 1132, 208, 336, 370, 435, 502, 1271, 408, 57, 380}",,,,,,,,,,,,,,,,,,,,,,,,,,,,,,,,,,,,,,,,,,,,,,,,,,,,,,,,,,,,,,,,,,,,,,,,,,,,,,,,,,,,,,,,,,,,,,,,,,,,,,,,,,,,,,,,,,,,,,,,,,,,,,,,,,,,,,,,,,,,,,,,,,,,,,,,,,,,,,,,,,,,,,,,,,,,,,,,,,,,,,,,,,,,,,,,,,,,,,,,,,,,,,,,,,,,,,,,,,,,,,,,,,,,,,,,,,,,,,,,,,,,,,,,,,,,,,,,,,,,,,,,,,,,,,,,,,,,,,,,,,,,,,,,,,,,,,,,,,,,,,,,,,,,,,,,,,,,,,,,,,,,,,,,,,,,,,,,,,,,,,,,,,,,,,,,,,,,,,,,,,,,,,,,,,,,,,,,,,,,,,,,,,,,,,,,,,,,,,,,,,,,,,,,,,,,,,,,,,,,,,,,,,,,,,,,,,,,,,,,,,,,,,,,,,,,,,,,,,,,,,,,,,
2,ARATH;ORYSA,8.0,292.0,"{0, 1, 2, 3, 1025, 1026, 1028, 9, 12, 1036, 14, 527, 528, 17, 1042, 19, 534, 23, 536, 1050, 29, 30, 1053, 1058, 1059, 548, 37, 549, 1067, 45, 1069, 559, 1071, 1072, 1073, 1074, 564, 566, 1078, 1081, 1082, 59, 1084, 1085, 1089, 1090, 1093, 583, 587, 1099, 77, 590, 1103, 1104, 81, 82, 593, 84, 594, 595, 89, 1113, 91, 603, 94, 607, 96, 608, 611, 613, 614, 616, 105, 1128, 107, 108, 1129, 111, 1136, 1137, 116, 628, 1140, 1142, 632, 635, 638, 1152, 641, 1158, 1159, 660, 661, 153, 154, 666, 1183, 672, 1184, 162, 675, 165, 169, 1194, 683, 172, 173, 685, 175, 686, 689, 178, 179, 180, 691, 692, 183, 693, 185, 694, 695, 700, 189, 701, 191, 702, 703, 194, 706, 196, 1216, 1217, 713, 202, 203, 204, 207, 719, 721, 1238, 727, 1240, 729, 732, 734, 223, 735, 736, 1250, 1251, 741, 1257, 746, 748, 239, 241, 244, 245, 246, 247, 248, 249, 250, 756, 760, 253, 762, 767, 768, 262, 263, 264, 265, 266, 777, 779, 780, 272, 277, 278, 789, 794, 287, 289, 291, 292, 293, 295, 298, 300, 818, 308, 820, 823, 826, 828, 319, 832, 836, 325, 326, 837, 838, 839, 330, 331, 332, 333, 840, 848, 850, 352, 354, 355, 358, 359, 361, 362, 363, 875, 365, 366, 368, 880, 370, 372, 886, 888, 380, 381, 900, 389, 903, 392, 904, 907, 1198, 909, 398, 911, 400, 913, 914, 919, 409, 410, 411, 924, 414, 926, 418, 420, 421, 422, 932, 935, 939, 946, 435, 948, 437, 439, 440, 443, 444, 955, 956, 457, 969, 462, 975, 464, 977, 468, 469, 472, 475, 478, 479, 990, 483, 484, 488, 1001, 490, 1005, 497, 1013, 1014, 507, 1020, 1023}",122.0,"{0, 1, 1025, 3, 14, 17, 19, 534, 536, 1050, 29, 1058, 548, 549, 45, 559, 1084, 1085, 1090, 583, 587, 1099, 77, 1103, 1104, 81, 82, 595, 89, 1113, 94, 96, 105, 1137, 116, 632, 660, 153, 154, 672, 162, 173, 175, 689, 178, 180, 692, 693, 183, 700, 1217, 194, 196, 203, 207, 1238, 734, 735, 1250, 1257, 244, 756, 247, 249, 762, 767, 262, 263, 265, 779, 780, 277, 794, 293, 298, 818, 325, 326, 330, 332, 333, 848, 354, 355, 358, 359, 361, 362, 363, 365, 366, 370, 381, 389, 398, 410, 411, 924, 414, 926, 420, 932, 422, 939, 948, 443, 444, 956, 975, 464, 977, 468, 469, 472, 475, 478, 479, 483, 484, 497, 1020, 1023}",50.0,"{0, 1, 389, 263, 398, 19, 277, 534, 536, 153, 410, 420, 548, 422, 298, 939, 559, 180, 443, 1217, 1090, 325, 326, 330, 587, 332, 77, 333, 975, 464, 81, 82, 977, 468, 1103, 1238, 478, 479, 735, 484, 358, 359, 105, 361, 362, 363, 1257, 366, 247, 767}",19.0,"{389, 263, 398, 19, 277, 536, 410, 326, 330, 332, 77, 333, 464, 81, 468, 484, 361, 363, 366}",7.0,"{389, 326, 330, 19, 468, 277, 536}",4.0,"{536, 330, 389, 326}",3.0,"{536, 330, 326}",1.0,{330},,,,,,,,,,,,,,,,,,,,,,,,,,,,,,,,,,,,,,,,,,,,,,,,,,,,,,,,,,,,,,,,,,,,,,,,,,,,,,,,,,,,,,,,,,,,,,,,,,,,,,,,,,,,,,,,,,,,,,,,,,,,,,,,,,,,,,,,,,,,,,,,,,,,,,,,,,,,,,,,,,,,,,,,,,,,,,,,,,,,,,,,,,,,,,,,,,,,,,,,,,,,,,,,,,,,,,,,,,,,,,,,,,,,,,,,,,,,,,,,,,,,,,,,,,,,,,,,,,,,,,,,,,,,,,,,,,,,,,,,,,,,,,,,,,,,,,,,,,,,,,,,,,,,,,,,,,,,,,,,,,,,,,,,,,,,,,,,,,,,,,,,,,,,,,,,,,,,,,,,,,,,,,,,,,,,,,,,,,,,,,,,,,,,,,,,,,,,,,,,,,,,,,,,,,,,,,,,,,,,,,,,,,,,,,,,,,,,,,,,,,,,,,,,,,,,,,
3,AEDAE;ANOGA;DROME;DROPS;APIME;SCHMA;BOVIN;CANFA;HUMAN;PANTR;MACMU;MOUSE;RAT;MONDO;CHICK;XENTR;BRARE;TETNG;FUGRU;ORYLA;GASAC;CIOIN;CAEBR;CAEEL,4.0,626.0,"{0, 1, 4, 7, 9, 11, 12, 14, 16, 17, 18, 20, 27, 29, 30, 33, 34, 37, 38, 40, 41, 42, 43, 51, 52, 55, 57, 59, 60, 62, 64, 68, 71, 73, 74, 75, 78, 81, 82, 86, 89, 90, 92, 93, 96, 98, 104, 105, 107, 108, 115, 119, 120, 121, 129, 130, 135, 136, 137, 138, 139, 141, 149, 151, 152, 154, 155, 156, 159, 163, 164, 165, 166, 167, 172, 173, 174, 175, 176, 179, 183, 185, 187, 189, 190, 191, 192, 193, 196, 202, 204, 207, 208, 210, 211, 216, 217, 218, 220, 222, 223, 227, 234, 238, 239, 240, 241, 243, 244, 246, 247, 248, 249, 250, 251, 252, 253, 254, 255, 257, 259, 260, 261, 262, 264, 265, 266, 267, 270, 271, 273, 277, 278, 279, 282, 286, 288, 289, 291, 293, 294, 298, 302, 303, 307, 308, 310, 316, 317, 318, 319, 326, 333, 336, 337, 347, 348, 351, 353, 354, 355, 357, 359, 361, 364, 366, 373, 374, 375, 376, 377, 380, 382, 384, 385, 387, 389, 391, 392, 398, 400, 401, 402, 403, 404, 405, 408, 410, 411, 412, 414, 421, 423, 424, 425, 426, 430, 431, 437, 438, 439, 441, 442, 444, 447, 450, 451, 456, 458, 461, 462, 465, 472, 474, 475, 478, 481, 482, 485, 487, 488, 490, 492, 498, 499, 502, 503, 504, 507, 509, 510, 521, 522, 527, 534, 535, 536, 539, 540, 541, 548, 549, 552, 554, 556, 563, 564, 565, 569, 571, 572, 573, 578, 583, 584, 586, 587, 588, 594, 595, 597, 599, 601, 602, 605, 606, 607, 608, 610, 613, 617, 618, 624, 625, 626, 627, 628, 629, 631, 632, 635, 638, 639, 640, 641, 642, 643, 644, 645, 646, 648, 649, 650, 652, 654, 655, 656, 659, 660, 661, 662, 665, 667, 669, 670, 671, 673, 674, 675, 677, 678, 681, 682, 683, 684, 685, 686, 687, 688, 689, 690, 691, 693, 694, 695, 696, 697, 698, 699, 702, 704, 707, 709, 710, 712, 713, 714, 715, 716, 717, 718, 719, 720, 721, 722, 724, 725, 726, 727, 729, 731, 732, 733, 734, 735, 736, 737, 738, 739, 740, 742, 743, 745, 747, 748, 749, 750, 751, 753, 756, 757, 758, 759, 760, 761, 762, 763, 769, 771, 772, 773, 777, 778, 780, 782, 783, 784, 785, 787, 788, 789, 792, 793, 794, 796, 798, 799, 801, 802, 803, 805, 806, 807, 808, 810, 812, 819, 820, 822, 823, 824, 825, 827, 828, 829, 830, 831, 832, 833, 835, 836, 837, 838, 839, 840, 846, 848, 852, 853, 854, 856, 857, 858, 859, 861, 864, 866, 870, 875, 876, 878, 879, 881, 884, 886, 887, 889, 890, 891, 892, 893, 894, 898, 899, 900, 905, 906, 907, 909, 910, 911, 913, 914, 916, 917, 919, 920, 921, 923, 924, 925, 927, 928, 929, 930, 932, 933, 934, 938, 939, 941, 944, 945, 946, 948, 950, 951, 952, 953, 956, 957, 958, 962, 964, 967, 972, 973, 975, 976, 977, 978, 979, 980, 982, 984, 986, 987, 988, 989, 990, 992, 993, 995, 999, 1001, 1002, 1003, 1005, 1008, 1010, 1012, 1013, 1017, 1019, 1023, 1024, 1025, 1026, 1027, 1028, 1029, 1030, 1033, 1035, 1037, 1038, 1041, 1042, 1049, 1052, 1053, 1054, 1055, 1056, 1057, 1058, 1060, 1061, 1067, 1068, 1069, 1070, 1071, 1073, 1075, 1076, 1077, 1078, 1079, 1081, 1082, 1083, 1085, 1086, 1088, 1090, 1094, 1097, 1098, 1110, 1112, 1113, 1118, 1124, 1126, 1127, 1129, 1130, 1132, 1136, 1138, 1139, 1142, 1144, 1146, 1148, 1152, 1154, 1156, 1158, 1159, 1161, 1179, 1180, 1182, 1184, 1197, 1200, 1204, 1207, 1209, 1212, 1213, 1217, 1218, 1221, 1222, 1223, 1224, 1226, 1228, 1231, 1232, 1234, 1235, 1238, 1242, 1246, 1248, 1252, 1254, 1255, 1257, 1263, 1264, 1271}",149.0,"{0, 1027, 521, 1035, 14, 536, 1054, 1056, 1057, 1058, 548, 37, 552, 554, 1067, 1071, 1073, 59, 1085, 62, 1086, 1090, 68, 583, 587, 81, 82, 594, 1113, 90, 93, 605, 608, 617, 1130, 1132, 627, 1139, 631, 632, 120, 644, 646, 1158, 1159, 141, 654, 655, 149, 667, 1179, 165, 684, 1200, 689, 690, 694, 697, 699, 189, 702, 192, 1224, 713, 204, 716, 718, 207, 719, 1228, 1234, 216, 217, 731, 222, 734, 738, 227, 739, 743, 1255, 1257, 748, 1263, 1264, 243, 758, 1271, 760, 249, 257, 265, 266, 273, 787, 798, 288, 291, 298, 303, 308, 823, 827, 829, 319, 831, 835, 326, 333, 336, 347, 354, 355, 361, 875, 878, 881, 376, 890, 380, 892, 894, 385, 909, 911, 913, 919, 408, 410, 923, 925, 938, 430, 456, 973, 462, 975, 465, 978, 982, 474, 485, 492, 1005, 1010, 499, 502, 503, 509}",22.0,"{0, 1027, 1159, 408, 410, 1057, 548, 298, 59, 835, 326, 456, 465, 82, 474, 347, 617, 748, 1132, 502, 503, 894}",7.0,"{1027, 298, 1132, 410, 408, 474, 59}",,,,,,,,,,,,,,,,,,,,,,,,,,,,,,,,,,,,,,,,,,,,,,,,,,,,,,,,,,,,,,,,,,,,,,,,,,,,,,,,,,,,,,,,,,,,,,,,,,,,,,,,,,,,,,,,,,,,,,,,,,,,,,,,,,,,,,,,,,,,,,,,,,,,,,,,,,,,,,,,,,,,,,,,,,,,,,,,,,,,,,,,,,,,,,,,,,,,,,,,,,,,,,,,,,,,,,,,,,,,,,,,,,,,,,,,,,,,,,,,,,,,,,,,,,,,,,,,,,,,,,,,,,,,,,,,,,,,,,,,,,,,,,,,,,,,,,,,,,,,,,,,,,,,,,,,,,,,,,,,,,,,,,,,,,,,,,,,,,,,,,,,,,,,,,,,,,,,,,,,,,,,,,,,,,,,,,,,,,,,,,,,,,,,,,,,,,,,,,,,,,,,,,,,,,,,,,,,,,,,,,,,,,,,,,,,,,,,,,,,,,,,,,,,,,,,,,,,,,,,,,
4,YEAST;SCHPO,5.0,65.0,"{0, 384, 768, 770, 389, 265, 523, 527, 528, 403, 407, 791, 666, 794, 284, 668, 925, 31, 799, 1050, 930, 291, 292, 293, 420, 547, 806, 44, 45, 52, 57, 59, 571, 1183, 1217, 194, 587, 588, 77, 333, 462, 208, 336, 716, 721, 856, 1113, 1114, 478, 607, 97, 353, 355, 481, 1250, 359, 488, 1257, 363, 623, 370, 1015, 633, 1146, 380}",11.0,"{353, 1114, 806, 1257, 44, 716, 407, 57, 1050, 59, 571}",2.0,"{57, 59}",1.0,{59},1.0,{59},,,,,,,,,,,,,,,,,,,,,,,,,,,,,,,,,,,,,,,,,,,,,,,,,,,,,,,,,,,,,,,,,,,,,,,,,,,,,,,,,,,,,,,,,,,,,,,,,,,,,,,,,,,,,,,,,,,,,,,,,,,,,,,,,,,,,,,,,,,,,,,,,,,,,,,,,,,,,,,,,,,,,,,,,,,,,,,,,,,,,,,,,,,,,,,,,,,,,,,,,,,,,,,,,,,,,,,,,,,,,,,,,,,,,,,,,,,,,,,,,,,,,,,,,,,,,,,,,,,,,,,,,,,,,,,,,,,,,,,,,,,,,,,,,,,,,,,,,,,,,,,,,,,,,,,,,,,,,,,,,,,,,,,,,,,,,,,,,,,,,,,,,,,,,,,,,,,,,,,,,,,,,,,,,,,,,,,,,,,,,,,,,,,,,,,,,,,,,,,,,,,,,,,,,,,,,,,,,,,,,,,,,,,,,,,,,,,,,,,,,,,,,,,,,,,,,,,,,,,,
5,ARATH,8.0,181.0,"{0, 1, 1028, 9, 14, 527, 528, 1041, 19, 534, 535, 536, 1050, 27, 30, 1059, 548, 42, 1067, 44, 1068, 1069, 1075, 569, 59, 1083, 1084, 1085, 1090, 584, 585, 587, 1099, 77, 590, 1100, 1102, 81, 82, 595, 84, 86, 1112, 1113, 94, 607, 608, 1119, 613, 616, 105, 1129, 1133, 1136, 116, 120, 1146, 1150, 641, 1158, 1159, 649, 659, 661, 662, 154, 668, 672, 673, 165, 677, 169, 686, 179, 693, 184, 186, 190, 702, 193, 194, 705, 196, 1217, 204, 207, 720, 721, 210, 1238, 730, 733, 735, 736, 738, 1250, 1257, 748, 238, 241, 247, 763, 252, 767, 768, 264, 265, 272, 277, 278, 789, 791, 794, 285, 288, 289, 291, 292, 293, 295, 298, 308, 310, 836, 326, 330, 332, 333, 850, 358, 361, 362, 363, 365, 366, 370, 883, 372, 374, 888, 380, 381, 892, 389, 391, 909, 398, 401, 914, 403, 410, 925, 414, 931, 420, 421, 932, 423, 939, 435, 439, 443, 444, 956, 958, 975, 977, 468, 472, 475, 478, 479, 991, 484, 488, 490, 499, 1014, 507, 1020, 1023}",70.0,"{0, 641, 389, 391, 9, 265, 398, 527, 19, 534, 536, 794, 1050, 1099, 673, 291, 420, 421, 548, 932, 298, 44, 179, 435, 310, 59, 444, 1084, 702, 194, 1090, 196, 326, 585, 330, 587, 204, 332, 333, 207, 590, 81, 82, 210, 468, 977, 86, 1102, 1238, 1113, 478, 479, 607, 735, 1119, 484, 361, 490, 363, 1257, 1133, 1136, 499, 883, 888, 1146, 1020, 381, 1150, 767}",32.0,"{0, 389, 265, 19, 534, 536, 291, 548, 44, 310, 59, 1084, 1090, 326, 585, 330, 204, 332, 333, 207, 82, 468, 478, 735, 1119, 484, 1257, 490, 1133, 883, 381, 767}",16.0,"{0, 291, 389, 326, 330, 490, 204, 44, 332, 207, 1133, 82, 468, 59, 1084, 735}",7.0,"{291, 326, 1133, 207, 468, 1084, 735}",2.0,"{1084, 326}",1.0,{326},1.0,{326},,,,,,,,,,,,,,,,,,,,,,,,,,,,,,,,,,,,,,,,,,,,,,,,,,,,,,,,,,,,,,,,,,,,,,,,,,,,,,,,,,,,,,,,,,,,,,,,,,,,,,,,,,,,,,,,,,,,,,,,,,,,,,,,,,,,,,,,,,,,,,,,,,,,,,,,,,,,,,,,,,,,,,,,,,,,,,,,,,,,,,,,,,,,,,,,,,,,,,,,,,,,,,,,,,,,,,,,,,,,,,,,,,,,,,,,,,,,,,,,,,,,,,,,,,,,,,,,,,,,,,,,,,,,,,,,,,,,,,,,,,,,,,,,,,,,,,,,,,,,,,,,,,,,,,,,,,,,,,,,,,,,,,,,,,,,,,,,,,,,,,,,,,,,,,,,,,,,,,,,,,,,,,,,,,,,,,,,,,,,,,,,,,,,,,,,,,,,,,,,,,,,,,,,,,,,,,,,,,,,,,,,,,,,,,,,,,,,,,,,,,,,,,,,,,,,,,
6,ORYSA,11.0,57.0,"{0, 389, 266, 398, 782, 273, 1041, 403, 534, 662, 285, 931, 677, 295, 423, 553, 42, 298, 681, 186, 59, 443, 1083, 958, 193, 194, 1090, 325, 326, 584, 329, 330, 332, 77, 333, 590, 720, 81, 846, 977, 468, 983, 1112, 730, 604, 733, 991, 353, 738, 358, 742, 488, 1257, 366, 368, 370, 499}",17.0,"{1090, 325, 326, 295, 358, 389, 330, 681, 1257, 77, 398, 720, 273, 977, 1041, 468, 285}",5.0,"{1090, 326, 330, 1041, 468}",2.0,"{1090, 326}",2.0,"{1090, 326}",1.0,{326},1.0,{326},1.0,{326},1.0,{326},1.0,{326},1.0,{326},,,,,,,,,,,,,,,,,,,,,,,,,,,,,,,,,,,,,,,,,,,,,,,,,,,,,,,,,,,,,,,,,,,,,,,,,,,,,,,,,,,,,,,,,,,,,,,,,,,,,,,,,,,,,,,,,,,,,,,,,,,,,,,,,,,,,,,,,,,,,,,,,,,,,,,,,,,,,,,,,,,,,,,,,,,,,,,,,,,,,,,,,,,,,,,,,,,,,,,,,,,,,,,,,,,,,,,,,,,,,,,,,,,,,,,,,,,,,,,,,,,,,,,,,,,,,,,,,,,,,,,,,,,,,,,,,,,,,,,,,,,,,,,,,,,,,,,,,,,,,,,,,,,,,,,,,,,,,,,,,,,,,,,,,,,,,,,,,,,,,,,,,,,,,,,,,,,,,,,,,,,,,,,,,,,,,,,,,,,,,,,,,,,,,,,,,,,,,,,,,,,,,,,,,,,,,,,,,,,,,,,,,,,,,,,,,,,,,,,,,,,,,,,,
7,AEDAE;ANOGA;DROME;DROPS;APIME;SCHMA;BOVIN;CANFA;HUMAN;PANTR;MACMU;MOUSE;RAT;MONDO;CHICK;XENTR;BRARE;TETNG;FUGRU;ORYLA;GASAC;CIOIN,4.0,705.0,"{0, 2, 3, 4, 6, 7, 8, 9, 10, 12, 13, 14, 16, 18, 19, 20, 23, 25, 26, 27, 29, 30, 31, 32, 34, 35, 37, 38, 39, 40, 44, 45, 47, 51, 55, 57, 59, 64, 65, 66, 69, 70, 71, 72, 73, 74, 77, 78, 79, 80, 82, 84, 88, 89, 90, 91, 95, 96, 97, 104, 105, 106, 107, 109, 112, 113, 114, 116, 119, 121, 124, 128, 130, 133, 134, 135, 136, 138, 144, 145, 146, 147, 148, 150, 151, 154, 155, 156, 164, 167, 168, 170, 171, 173, 175, 176, 177, 178, 179, 180, 182, 184, 185, 186, 188, 189, 191, 192, 193, 194, 196, 198, 200, 203, 207, 208, 216, 217, 219, 220, 222, 223, 227, 232, 233, 234, 240, 242, 244, 245, 246, 247, 250, 252, 262, 268, 270, 272, 273, 274, 275, 278, 279, 280, 281, 282, 283, 284, 285, 286, 287, 288, 291, 292, 293, 294, 295, 296, 297, 298, 300, 302, 304, 307, 311, 312, 314, 316, 317, 320, 322, 325, 326, 328, 330, 331, 341, 347, 348, 349, 350, 352, 353, 354, 356, 357, 358, 359, 360, 361, 362, 363, 365, 366, 367, 369, 370, 372, 373, 376, 379, 380, 381, 383, 384, 387, 388, 389, 390, 392, 394, 398, 401, 404, 405, 406, 408, 409, 410, 411, 412, 413, 414, 415, 416, 419, 422, 423, 425, 426, 428, 429, 431, 433, 434, 435, 437, 438, 439, 441, 442, 443, 444, 449, 451, 454, 456, 461, 462, 464, 468, 469, 470, 471, 473, 474, 477, 478, 479, 482, 485, 487, 490, 491, 492, 493, 496, 497, 498, 501, 503, 505, 506, 507, 508, 510, 519, 521, 522, 523, 525, 526, 528, 529, 530, 534, 539, 540, 542, 544, 550, 551, 553, 554, 555, 556, 559, 561, 562, 563, 564, 566, 567, 569, 573, 582, 583, 584, 585, 586, 587, 588, 589, 590, 595, 597, 599, 601, 602, 603, 604, 606, 607, 608, 609, 610, 611, 614, 615, 617, 619, 625, 628, 629, 630, 632, 633, 634, 635, 637, 639, 640, 641, 643, 645, 647, 648, 650, 651, 652, 656, 658, 659, 661, 662, 663, 664, 665, 666, 668, 671, 673, 674, 675, 676, 679, 680, 686, 687, 689, 692, 693, 695, 696, 699, 700, 701, 703, 704, 705, 706, 711, 712, 714, 716, 717, 719, 720, 721, 722, 723, 724, 725, 726, 727, 729, 730, 731, 732, 734, 735, 737, 738, 740, 741, 742, 744, 745, 746, 747, 748, 749, 750, 751, 752, 753, 754, 755, 760, 761, 764, 766, 767, 768, 769, 771, 772, 773, 775, 776, 777, 778, 780, 781, 784, 787, 788, 789, 790, 791, 792, 794, 795, 797, 799, 800, 801, 802, 803, 804, 806, 809, 810, 811, 812, 814, 815, 818, 820, 821, 824, 825, 826, 827, 828, 829, 830, 833, 834, 836, 838, 839, 841, 842, 843, 844, 846, 849, 850, 851, 852, 854, 856, 857, 858, 860, 861, 862, 863, 865, 868, 869, 870, 872, 873, 874, 876, 878, 880, 882, 885, 886, 888, 889, 892, 893, 895, 896, 900, 902, 906, 907, 910, 911, 912, 913, 916, 918, 919, 920, 922, 924, 927, 929, 930, 931, 933, 934, 935, 937, 941, 945, 947, 948, 949, 950, 952, 954, 955, 960, 961, 965, 966, 967, 969, 971, 972, 973, 976, 977, 982, 983, 984, 986, 995, 997, 998, 999, 1000, 1001, 1002, 1005, 1006, 1007, 1008, 1011, 1012, 1013, 1014, 1015, 1016, 1018, 1019, 1023, 1024, 1026, 1028, 1029, 1030, 1033, 1037, 1038, 1039, 1040, 1044, 1045, 1046, 1048, 1049, 1050, 1054, 1055, 1056, 1059, 1060, 1061, 1063, 1067, 1068, 1069, 1070, 1072, 1074, 1075, 1077, 1079, 1080, 1081, 1083, 1084, 1085, 1087, 1088, 1089, 1090, 1093, 1094, 1095, 1096, 1098, 1099, 1102, 1103, 1104, 1106, 1110, 1111, 1112, 1114, 1115, 1118, 1119, 1120, 1125, 1126, 1127, 1128, 1129, 1130, 1131, 1132, 1133, 1135, 1138, 1141, 1142, 1146, 1147, 1151, 1152, 1153, 1157, 1160, 1161, 1165, 1169, 1177, 1179, 1180, 1185, 1187, 1188, 1192, 1193, 1196, 1198, 1201, 1204, 1206, 1208, 1210, 1211, 1213, 1216, 1219, 1220, 1222, 1224, 1226, 1227, 1228, 1231, 1232, 1238, 1239, 1240, 1243, 1246, 1248, 1249, 1250, 1251, 1252, 1255, 1256, 1257, 1258, 1259, 1261, 1262, 1263, 1264, 1270, 1271, 1272}",127.0,"{1029, 6, 1030, 521, 1037, 534, 23, 27, 30, 32, 1059, 1060, 44, 556, 1070, 563, 57, 1088, 66, 1090, 1093, 582, 71, 583, 585, 1096, 590, 1104, 82, 597, 89, 1114, 91, 606, 95, 1119, 97, 1127, 1128, 107, 114, 1153, 130, 645, 648, 150, 662, 665, 668, 1180, 675, 164, 676, 1198, 687, 188, 700, 705, 194, 706, 1224, 208, 721, 724, 725, 1238, 216, 217, 1250, 1251, 1252, 744, 233, 1257, 750, 1263, 754, 1272, 764, 767, 274, 278, 791, 795, 284, 285, 291, 295, 297, 810, 821, 834, 326, 839, 844, 851, 858, 348, 862, 869, 362, 874, 370, 380, 893, 392, 398, 913, 408, 920, 416, 935, 941, 438, 439, 952, 443, 955, 456, 984, 474, 478, 1000, 1012, 1014, 1015, 510}",9.0,"{97, 456, 107, 370, 563, 216, 217, 1114, 1180}",3.0,"{216, 107, 456}",,,,,,,,,,,,,,,,,,,,,,,,,,,,,,,,,,,,,,,,,,,,,,,,,,,,,,,,,,,,,,,,,,,,,,,,,,,,,,,,,,,,,,,,,,,,,,,,,,,,,,,,,,,,,,,,,,,,,,,,,,,,,,,,,,,,,,,,,,,,,,,,,,,,,,,,,,,,,,,,,,,,,,,,,,,,,,,,,,,,,,,,,,,,,,,,,,,,,,,,,,,,,,,,,,,,,,,,,,,,,,,,,,,,,,,,,,,,,,,,,,,,,,,,,,,,,,,,,,,,,,,,,,,,,,,,,,,,,,,,,,,,,,,,,,,,,,,,,,,,,,,,,,,,,,,,,,,,,,,,,,,,,,,,,,,,,,,,,,,,,,,,,,,,,,,,,,,,,,,,,,,,,,,,,,,,,,,,,,,,,,,,,,,,,,,,,,,,,,,,,,,,,,,,,,,,,,,,,,,,,,,,,,,,,,,,,,,,,,,,,,,,,,,,,,,,,,,,,,,,,,
8,CAEBR;CAEEL,8.0,130.0,"{1028, 522, 11, 13, 528, 529, 1040, 533, 23, 542, 32, 544, 34, 35, 548, 1058, 38, 1063, 1072, 563, 57, 59, 572, 1086, 66, 1090, 1092, 586, 590, 1102, 594, 599, 1112, 601, 90, 91, 1114, 93, 95, 96, 97, 609, 105, 1129, 1130, 1132, 114, 118, 121, 1152, 1156, 141, 658, 153, 167, 180, 1212, 1216, 193, 194, 1218, 196, 1225, 203, 1228, 207, 208, 1234, 216, 217, 1246, 1250, 1251, 1252, 1254, 1257, 1259, 748, 238, 751, 1264, 778, 781, 789, 281, 284, 285, 291, 293, 297, 298, 303, 304, 325, 326, 336, 850, 342, 349, 354, 355, 368, 369, 888, 387, 899, 389, 393, 394, 395, 400, 925, 429, 438, 440, 443, 447, 965, 972, 462, 975, 465, 467, 468, 469, 989, 1001, 490, 1014, 1016}",45.0,"{387, 1156, 389, 393, 11, 395, 141, 781, 1040, 533, 281, 285, 35, 298, 304, 180, 440, 59, 572, 447, 66, 196, 325, 326, 1225, 462, 1102, 465, 1234, 467, 468, 469, 95, 1252, 1254, 1129, 1257, 1259, 748, 1132, 751, 1264, 114, 118, 1016}",22.0,"{387, 389, 393, 395, 141, 1040, 533, 281, 298, 304, 440, 196, 325, 326, 1225, 465, 469, 1257, 1259, 748, 1132, 1264}",11.0,"{387, 389, 326, 1257, 298, 395, 1132, 141, 1264, 533, 440}",6.0,"{389, 326, 298, 395, 1132, 1264}",4.0,"{1264, 1132, 389, 326}",1.0,{389},1.0,{389},,,,,,,,,,,,,,,,,,,,,,,,,,,,,,,,,,,,,,,,,,,,,,,,,,,,,,,,,,,,,,,,,,,,,,,,,,,,,,,,,,,,,,,,,,,,,,,,,,,,,,,,,,,,,,,,,,,,,,,,,,,,,,,,,,,,,,,,,,,,,,,,,,,,,,,,,,,,,,,,,,,,,,,,,,,,,,,,,,,,,,,,,,,,,,,,,,,,,,,,,,,,,,,,,,,,,,,,,,,,,,,,,,,,,,,,,,,,,,,,,,,,,,,,,,,,,,,,,,,,,,,,,,,,,,,,,,,,,,,,,,,,,,,,,,,,,,,,,,,,,,,,,,,,,,,,,,,,,,,,,,,,,,,,,,,,,,,,,,,,,,,,,,,,,,,,,,,,,,,,,,,,,,,,,,,,,,,,,,,,,,,,,,,,,,,,,,,,,,,,,,,,,,,,,,,,,,,,,,,,,,,,,,,,,,,,,,,,,,,,,,,,,,,,,,,,,,
9,YEAST,3.0,45.0,"{0, 768, 643, 771, 265, 394, 395, 523, 398, 527, 528, 274, 403, 1046, 407, 1056, 930, 291, 292, 295, 435, 57, 59, 443, 203, 588, 77, 333, 207, 462, 81, 590, 1234, 478, 1119, 353, 481, 357, 359, 488, 1257, 490, 623, 1146, 380}",7.0,"{0, 291, 462, 398, 1234, 1146, 59}",1.0,{59},,,,,,,,,,,,,,,,,,,,,,,,,,,,,,,,,,,,,,,,,,,,,,,,,,,,,,,,,,,,,,,,,,,,,,,,,,,,,,,,,,,,,,,,,,,,,,,,,,,,,,,,,,,,,,,,,,,,,,,,,,,,,,,,,,,,,,,,,,,,,,,,,,,,,,,,,,,,,,,,,,,,,,,,,,,,,,,,,,,,,,,,,,,,,,,,,,,,,,,,,,,,,,,,,,,,,,,,,,,,,,,,,,,,,,,,,,,,,,,,,,,,,,,,,,,,,,,,,,,,,,,,,,,,,,,,,,,,,,,,,,,,,,,,,,,,,,,,,,,,,,,,,,,,,,,,,,,,,,,,,,,,,,,,,,,,,,,,,,,,,,,,,,,,,,,,,,,,,,,,,,,,,,,,,,,,,,,,,,,,,,,,,,,,,,,,,,,,,,,,,,,,,,,,,,,,,,,,,,,,,,,,,,,,,,,,,,,,,,,,,,,,,,,,,,,,,,,,,,,,,,,,
10,SCHPO,2.0,37.0,"{0, 768, 771, 395, 523, 398, 274, 668, 925, 159, 415, 31, 1183, 291, 939, 435, 52, 59, 443, 317, 196, 203, 587, 77, 207, 208, 721, 1234, 856, 1113, 478, 607, 97, 1250, 357, 381, 895}",2.0,"{97, 895}",,,,,,,,,,,,,,,,,,,,,,,,,,,,,,,,,,,,,,,,,,,,,,,,,,,,,,,,,,,,,,,,,,,,,,,,,,,,,,,,,,,,,,,,,,,,,,,,,,,,,,,,,,,,,,,,,,,,,,,,,,,,,,,,,,,,,,,,,,,,,,,,,,,,,,,,,,,,,,,,,,,,,,,,,,,,,,,,,,,,,,,,,,,,,,,,,,,,,,,,,,,,,,,,,,,,,,,,,,,,,,,,,,,,,,,,,,,,,,,,,,,,,,,,,,,,,,,,,,,,,,,,,,,,,,,,,,,,,,,,,,,,,,,,,,,,,,,,,,,,,,,,,,,,,,,,,,,,,,,,,,,,,,,,,,,,,,,,,,,,,,,,,,,,,,,,,,,,,,,,,,,,,,,,,,,,,,,,,,,,,,,,,,,,,,,,,,,,,,,,,,,,,,,,,,,,,,,,,,,,,,,,,,,,,,,,,,,,,,,,,,,,,,,,,,,,,,,,,,,,,,,,,,
11,AEDAE;ANOGA;DROME;DROPS;APIME;SCHMA,4.0,4.0,"{298, 548, 748, 534}",4.0,"{298, 548, 748, 534}",4.0,"{298, 548, 748, 534}",3.0,"{298, 548, 748}",,,,,,,,,,,,,,,,,,,,,,,,,,,,,,,,,,,,,,,,,,,,,,,,,,,,,,,,,,,,,,,,,,,,,,,,,,,,,,,,,,,,,,,,,,,,,,,,,,,,,,,,,,,,,,,,,,,,,,,,,,,,,,,,,,,,,,,,,,,,,,,,,,,,,,,,,,,,,,,,,,,,,,,,,,,,,,,,,,,,,,,,,,,,,,,,,,,,,,,,,,,,,,,,,,,,,,,,,,,,,,,,,,,,,,,,,,,,,,,,,,,,,,,,,,,,,,,,,,,,,,,,,,,,,,,,,,,,,,,,,,,,,,,,,,,,,,,,,,,,,,,,,,,,,,,,,,,,,,,,,,,,,,,,,,,,,,,,,,,,,,,,,,,,,,,,,,,,,,,,,,,,,,,,,,,,,,,,,,,,,,,,,,,,,,,,,,,,,,,,,,,,,,,,,,,,,,,,,,,,,,,,,,,,,,,,,,,,,,,,,,,,,,,,,,,,,,,,,,,,,,
12,BOVIN;CANFA;HUMAN;PANTR;MACMU;MOUSE;RAT;MONDO;CHICK;XENTR;BRARE;TETNG;FUGRU;ORYLA;GASAC;CIOIN,3.0,360.0,"{0, 2, 10, 14, 17, 26, 37, 40, 45, 46, 57, 60, 67, 68, 80, 81, 82, 84, 88, 96, 104, 109, 111, 115, 116, 123, 124, 150, 164, 166, 169, 173, 175, 177, 183, 189, 192, 193, 198, 202, 203, 207, 210, 216, 217, 218, 224, 227, 232, 240, 246, 249, 253, 254, 256, 257, 259, 261, 263, 264, 265, 266, 268, 270, 272, 274, 277, 278, 280, 298, 306, 308, 309, 315, 316, 327, 328, 330, 331, 332, 335, 336, 342, 350, 351, 353, 354, 357, 358, 366, 367, 368, 370, 372, 373, 380, 383, 387, 389, 392, 395, 399, 400, 406, 410, 411, 413, 420, 421, 429, 430, 434, 435, 440, 442, 443, 445, 446, 448, 451, 456, 458, 459, 462, 465, 474, 475, 477, 478, 479, 480, 485, 487, 488, 492, 494, 497, 498, 500, 507, 509, 512, 517, 522, 523, 525, 527, 529, 533, 534, 536, 540, 541, 543, 544, 547, 548, 549, 555, 559, 563, 565, 571, 574, 575, 579, 582, 583, 589, 590, 595, 601, 602, 605, 608, 609, 613, 617, 618, 619, 624, 628, 631, 635, 637, 640, 641, 643, 652, 656, 660, 663, 666, 668, 672, 674, 677, 680, 684, 687, 688, 689, 691, 692, 694, 696, 700, 703, 706, 707, 710, 716, 719, 721, 727, 729, 731, 733, 734, 739, 743, 746, 748, 749, 750, 753, 754, 761, 767, 769, 773, 777, 780, 781, 783, 784, 785, 794, 797, 800, 801, 804, 805, 806, 815, 817, 824, 825, 828, 831, 834, 836, 855, 856, 858, 871, 872, 873, 875, 877, 880, 881, 882, 883, 892, 894, 897, 899, 901, 902, 903, 906, 908, 915, 918, 919, 924, 929, 932, 936, 941, 942, 947, 952, 953, 954, 960, 965, 966, 969, 971, 975, 983, 988, 990, 992, 994, 997, 1028, 1029, 1030, 1033, 1036, 1039, 1044, 1046, 1047, 1049, 1063, 1068, 1073, 1075, 1087, 1088, 1090, 1091, 1092, 1094, 1097, 1103, 1104, 1108, 1112, 1114, 1118, 1123, 1127, 1132, 1137, 1159, 1166, 1168, 1172, 1173, 1179, 1181, 1183, 1191, 1194, 1198, 1199, 1204, 1213, 1218, 1220, 1223, 1224, 1227, 1228, 1232, 1238, 1241, 1255, 1257, 1259, 1260, 1262, 1267, 1268, 1270}",14.0,"{960, 353, 547, 1123, 389, 440, 1220, 328, 298, 331, 462, 216, 475, 988}",2.0,"{216, 298}",,,,,,,,,,,,,,,,,,,,,,,,,,,,,,,,,,,,,,,,,,,,,,,,,,,,,,,,,,,,,,,,,,,,,,,,,,,,,,,,,,,,,,,,,,,,,,,,,,,,,,,,,,,,,,,,,,,,,,,,,,,,,,,,,,,,,,,,,,,,,,,,,,,,,,,,,,,,,,,,,,,,,,,,,,,,,,,,,,,,,,,,,,,,,,,,,,,,,,,,,,,,,,,,,,,,,,,,,,,,,,,,,,,,,,,,,,,,,,,,,,,,,,,,,,,,,,,,,,,,,,,,,,,,,,,,,,,,,,,,,,,,,,,,,,,,,,,,,,,,,,,,,,,,,,,,,,,,,,,,,,,,,,,,,,,,,,,,,,,,,,,,,,,,,,,,,,,,,,,,,,,,,,,,,,,,,,,,,,,,,,,,,,,,,,,,,,,,,,,,,,,,,,,,,,,,,,,,,,,,,,,,,,,,,,,,,,,,,,,,,,,,,,,,,,,,,,,,,,,,,,,,
13,CAEBR,4.0,43.0,"{899, 1028, 389, 393, 395, 141, 658, 1047, 281, 666, 925, 926, 1054, 32, 291, 549, 550, 553, 298, 949, 59, 1084, 829, 64, 193, 577, 1090, 196, 325, 975, 465, 850, 469, 472, 90, 989, 96, 744, 747, 1132, 238, 1147, 1149}",8.0,"{64, 291, 550, 553, 298, 1132, 465, 59}",2.0,"{59, 1132}",2.0,"{59, 1132}",,,,,,,,,,,,,,,,,,,,,,,,,,,,,,,,,,,,,,,,,,,,,,,,,,,,,,,,,,,,,,,,,,,,,,,,,,,,,,,,,,,,,,,,,,,,,,,,,,,,,,,,,,,,,,,,,,,,,,,,,,,,,,,,,,,,,,,,,,,,,,,,,,,,,,,,,,,,,,,,,,,,,,,,,,,,,,,,,,,,,,,,,,,,,,,,,,,,,,,,,,,,,,,,,,,,,,,,,,,,,,,,,,,,,,,,,,,,,,,,,,,,,,,,,,,,,,,,,,,,,,,,,,,,,,,,,,,,,,,,,,,,,,,,,,,,,,,,,,,,,,,,,,,,,,,,,,,,,,,,,,,,,,,,,,,,,,,,,,,,,,,,,,,,,,,,,,,,,,,,,,,,,,,,,,,,,,,,,,,,,,,,,,,,,,,,,,,,,,,,,,,,,,,,,,,,,,,,,,,,,,,,,,,,,,,,,,,,,,,,,,,,,,,,,,,,,,,,,,,,,,
14,CAEEL,4.0,36.0,"{0, 387, 389, 141, 781, 529, 533, 1047, 1058, 291, 298, 1198, 180, 438, 440, 59, 60, 443, 66, 194, 196, 325, 326, 1221, 336, 81, 82, 465, 469, 216, 1112, 474, 1246, 1254, 1132, 888}",10.0,"{0, 325, 1112, 298, 1132, 465, 438, 216, 474, 59}",2.0,"{1112, 465}",1.0,{1112},,,,,,,,,,,,,,,,,,,,,,,,,,,,,,,,,,,,,,,,,,,,,,,,,,,,,,,,,,,,,,,,,,,,,,,,,,,,,,,,,,,,,,,,,,,,,,,,,,,,,,,,,,,,,,,,,,,,,,,,,,,,,,,,,,,,,,,,,,,,,,,,,,,,,,,,,,,,,,,,,,,,,,,,,,,,,,,,,,,,,,,,,,,,,,,,,,,,,,,,,,,,,,,,,,,,,,,,,,,,,,,,,,,,,,,,,,,,,,,,,,,,,,,,,,,,,,,,,,,,,,,,,,,,,,,,,,,,,,,,,,,,,,,,,,,,,,,,,,,,,,,,,,,,,,,,,,,,,,,,,,,,,,,,,,,,,,,,,,,,,,,,,,,,,,,,,,,,,,,,,,,,,,,,,,,,,,,,,,,,,,,,,,,,,,,,,,,,,,,,,,,,,,,,,,,,,,,,,,,,,,,,,,,,,,,,,,,,,,,,,,,,,,,,,,,,,,,,,,,,,,
15,AEDAE;ANOGA;DROME;DROPS;APIME,5.0,44.0,"{1154, 1156, 389, 1160, 906, 395, 270, 275, 405, 534, 536, 409, 794, 925, 932, 425, 171, 45, 309, 693, 311, 312, 58, 187, 570, 1217, 1218, 325, 326, 331, 1228, 77, 86, 216, 474, 475, 604, 361, 234, 1131, 1257, 365, 1260, 1264}",11.0,"{312, 325, 326, 389, 361, 331, 1264, 309, 405, 216, 474}",4.0,"{331, 325, 326, 405}",2.0,"{325, 405}",2.0,"{325, 405}",,,,,,,,,,,,,,,,,,,,,,,,,,,,,,,,,,,,,,,,,,,,,,,,,,,,,,,,,,,,,,,,,,,,,,,,,,,,,,,,,,,,,,,,,,,,,,,,,,,,,,,,,,,,,,,,,,,,,,,,,,,,,,,,,,,,,,,,,,,,,,,,,,,,,,,,,,,,,,,,,,,,,,,,,,,,,,,,,,,,,,,,,,,,,,,,,,,,,,,,,,,,,,,,,,,,,,,,,,,,,,,,,,,,,,,,,,,,,,,,,,,,,,,,,,,,,,,,,,,,,,,,,,,,,,,,,,,,,,,,,,,,,,,,,,,,,,,,,,,,,,,,,,,,,,,,,,,,,,,,,,,,,,,,,,,,,,,,,,,,,,,,,,,,,,,,,,,,,,,,,,,,,,,,,,,,,,,,,,,,,,,,,,,,,,,,,,,,,,,,,,,,,,,,,,,,,,,,,,,,,,,,,,,,,,,,,,,,,,,,,,,,,,,,,,,,,,,,,,,,
16,SCHMA,3.0,112.0,"{1027, 6, 1042, 20, 532, 534, 1044, 536, 27, 35, 548, 1059, 1073, 564, 1078, 57, 571, 1090, 582, 583, 584, 73, 74, 1095, 588, 1104, 81, 82, 1106, 1111, 1112, 602, 605, 96, 104, 1132, 110, 112, 115, 116, 118, 129, 1159, 138, 1178, 1179, 180, 694, 1207, 1212, 194, 713, 714, 715, 207, 208, 1242, 1250, 1255, 1257, 1258, 748, 1263, 758, 1271, 762, 796, 291, 807, 298, 308, 310, 827, 333, 337, 850, 856, 351, 354, 358, 359, 369, 890, 380, 894, 384, 387, 899, 389, 392, 906, 395, 913, 406, 412, 928, 932, 425, 948, 437, 949, 955, 451, 972, 980, 988, 478, 481, 482, 490, 497, 1017}",26.0,"{129, 387, 1027, 389, 532, 534, 548, 298, 948, 571, 451, 583, 584, 714, 207, 337, 81, 850, 980, 1106, 988, 351, 481, 490, 762, 380}",10.0,"{129, 548, 389, 584, 298, 207, 81, 980, 534, 988}",,,,,,,,,,,,,,,,,,,,,,,,,,,,,,,,,,,,,,,,,,,,,,,,,,,,,,,,,,,,,,,,,,,,,,,,,,,,,,,,,,,,,,,,,,,,,,,,,,,,,,,,,,,,,,,,,,,,,,,,,,,,,,,,,,,,,,,,,,,,,,,,,,,,,,,,,,,,,,,,,,,,,,,,,,,,,,,,,,,,,,,,,,,,,,,,,,,,,,,,,,,,,,,,,,,,,,,,,,,,,,,,,,,,,,,,,,,,,,,,,,,,,,,,,,,,,,,,,,,,,,,,,,,,,,,,,,,,,,,,,,,,,,,,,,,,,,,,,,,,,,,,,,,,,,,,,,,,,,,,,,,,,,,,,,,,,,,,,,,,,,,,,,,,,,,,,,,,,,,,,,,,,,,,,,,,,,,,,,,,,,,,,,,,,,,,,,,,,,,,,,,,,,,,,,,,,,,,,,,,,,,,,,,,,,,,,,,,,,,,,,,,,,,,,,,,,,,,,,,,,,,,
17,BOVIN;CANFA;HUMAN;PANTR;MACMU;MOUSE;RAT;MONDO;CHICK;XENTR;BRARE;TETNG;FUGRU;ORYLA;GASAC,11.0,710.0,"{0, 1, 3, 4, 5, 6, 8, 10, 11, 12, 13, 14, 15, 16, 17, 18, 19, 20, 22, 24, 25, 28, 29, 31, 32, 34, 35, 36, 37, 38, 39, 45, 48, 49, 51, 52, 54, 55, 56, 57, 58, 61, 65, 66, 68, 69, 72, 73, 77, 80, 81, 82, 83, 84, 85, 86, 88, 90, 91, 94, 96, 102, 104, 108, 109, 116, 118, 119, 124, 126, 127, 130, 134, 135, 137, 138, 139, 140, 141, 149, 150, 151, 153, 154, 155, 156, 158, 159, 161, 163, 164, 165, 166, 167, 170, 171, 173, 178, 180, 182, 183, 187, 189, 191, 193, 194, 196, 197, 198, 199, 200, 203, 204, 207, 208, 209, 211, 212, 216, 217, 219, 220, 221, 227, 231, 233, 237, 240, 241, 242, 245, 246, 247, 248, 249, 250, 251, 253, 255, 257, 258, 259, 260, 264, 265, 268, 269, 270, 271, 273, 276, 277, 280, 281, 282, 284, 286, 291, 292, 293, 294, 296, 297, 298, 302, 306, 308, 309, 310, 312, 313, 315, 317, 320, 321, 322, 325, 326, 328, 330, 331, 332, 333, 334, 335, 336, 339, 340, 341, 342, 343, 344, 345, 347, 350, 351, 353, 356, 359, 360, 361, 362, 365, 366, 368, 369, 370, 371, 373, 377, 380, 381, 383, 387, 388, 389, 390, 392, 393, 394, 395, 397, 398, 400, 405, 407, 408, 409, 410, 411, 412, 413, 414, 415, 416, 417, 419, 421, 423, 428, 430, 434, 435, 436, 437, 438, 439, 443, 444, 446, 447, 450, 451, 452, 453, 455, 456, 459, 460, 461, 462, 464, 465, 466, 470, 471, 472, 473, 475, 477, 478, 479, 481, 482, 484, 485, 487, 488, 489, 490, 491, 494, 497, 498, 499, 502, 503, 505, 506, 508, 510, 512, 516, 517, 519, 522, 523, 526, 527, 529, 532, 534, 536, 538, 539, 541, 546, 547, 548, 554, 555, 556, 557, 558, 559, 560, 561, 562, 564, 565, 566, 567, 569, 570, 571, 572, 574, 575, 577, 578, 579, 582, 583, 584, 585, 586, 587, 588, 589, 591, 593, 595, 596, 597, 598, 599, 600, 601, 602, 603, 604, 607, 609, 610, 615, 617, 618, 619, 620, 621, 622, 625, 627, 628, 630, 631, 633, 638, 639, 640, 642, 643, 647, 649, 650, 657, 660, 662, 664, 672, 673, 676, 680, 683, 684, 686, 690, 696, 697, 699, 700, 701, 702, 703, 705, 706, 710, 711, 712, 713, 716, 717, 720, 722, 723, 724, 726, 727, 731, 732, 734, 735, 738, 739, 742, 744, 745, 746, 747, 748, 749, 750, 752, 753, 757, 759, 761, 762, 765, 766, 771, 772, 775, 783, 784, 785, 786, 787, 788, 789, 791, 792, 795, 798, 799, 801, 802, 816, 817, 820, 822, 824, 826, 828, 830, 833, 834, 835, 837, 841, 843, 849, 851, 852, 854, 857, 861, 863, 865, 866, 867, 868, 869, 870, 871, 872, 873, 874, 875, 877, 883, 885, 886, 887, 888, 889, 892, 893, 894, 899, 902, 905, 907, 909, 911, 912, 913, 914, 915, 919, 921, 925, 926, 927, 932, 933, 934, 935, 936, 937, 938, 945, 947, 951, 952, 953, 954, 955, 956, 958, 959, 960, 963, 964, 972, 979, 980, 981, 983, 984, 985, 988, 989, 990, 992, 993, 994, 998, 999, 1000, 1003, 1005, 1008, 1010, 1014, 1016, 1018, 1019, 1021, 1024, 1025, 1027, 1028, 1029, 1033, 1040, 1042, 1043, 1044, 1045, 1046, 1047, 1049, 1050, 1052, 1054, 1057, 1058, 1061, 1063, 1065, 1066, 1067, 1068, 1071, 1072, 1073, 1074, 1079, 1080, 1081, 1082, 1083, 1090, 1091, 1092, 1093, 1094, 1095, 1096, 1099, 1100, 1102, 1107, 1110, 1113, 1114, 1115, 1116, 1117, 1118, 1120, 1121, 1122, 1124, 1125, 1126, 1127, 1128, 1129, 1131, 1132, 1135, 1136, 1137, 1139, 1140, 1141, 1146, 1147, 1151, 1152, 1153, 1154, 1156, 1158, 1159, 1160, 1161, 1162, 1164, 1166, 1168, 1172, 1174, 1176, 1178, 1179, 1180, 1181, 1182, 1183, 1184, 1185, 1186, 1188, 1189, 1192, 1193, 1194, 1195, 1196, 1198, 1199, 1202, 1203, 1204, 1205, 1206, 1207, 1208, 1209, 1211, 1212, 1213, 1216, 1217, 1218, 1219, 1220, 1221, 1222, 1223, 1224, 1225, 1226, 1228, 1229, 1230, 1231, 1232, 1233, 1234, 1235, 1236, 1238, 1239, 1240, 1241, 1242, 1245, 1246, 1247, 1248, 1249, 1250, 1251, 1252, 1253, 1254, 1257, 1259, 1260, 1261, 1264, 1265, 1267, 1270, 1271, 1273}",225.0,"{0, 1, 512, 3, 1027, 522, 11, 14, 15, 1040, 1043, 20, 532, 534, 24, 536, 29, 32, 1058, 547, 548, 38, 554, 555, 556, 557, 559, 48, 561, 52, 564, 54, 566, 56, 57, 58, 567, 571, 1080, 1081, 1082, 1083, 577, 66, 578, 579, 1091, 582, 1092, 584, 585, 586, 587, 588, 77, 80, 81, 82, 595, 1107, 85, 597, 599, 600, 601, 90, 602, 1113, 1114, 607, 96, 104, 108, 1132, 622, 1136, 1137, 1146, 1152, 134, 1158, 1159, 138, 141, 662, 154, 1179, 1180, 1184, 1189, 1193, 1196, 1202, 180, 1205, 1206, 1207, 1208, 1212, 1213, 1216, 1217, 194, 1218, 196, 1221, 1222, 1223, 200, 1225, 1228, 1230, 207, 208, 209, 1231, 1232, 212, 1233, 1234, 1239, 216, 217, 1242, 219, 220, 1246, 1247, 1250, 1251, 1253, 742, 1257, 1259, 748, 237, 1260, 1264, 1270, 1271, 1273, 766, 265, 268, 269, 273, 276, 284, 291, 292, 298, 817, 308, 321, 322, 325, 328, 331, 332, 333, 334, 336, 339, 341, 342, 344, 345, 347, 353, 359, 360, 361, 362, 365, 368, 883, 888, 380, 387, 389, 393, 395, 398, 400, 912, 408, 409, 410, 411, 412, 921, 416, 419, 421, 423, 430, 434, 435, 436, 437, 438, 439, 450, 451, 456, 461, 464, 979, 980, 981, 471, 472, 475, 481, 482, 484, 487, 490, 494, 497, 499, 502, 503, 506, 510}",87.0,"{3, 522, 11, 1043, 532, 534, 548, 554, 556, 567, 1081, 1082, 571, 1083, 577, 66, 579, 584, 587, 588, 81, 82, 85, 599, 1113, 602, 1132, 1152, 1158, 141, 1179, 1189, 180, 1205, 1216, 1217, 194, 196, 1223, 200, 1225, 1230, 207, 1234, 1239, 1247, 1251, 1253, 1264, 1271, 1273, 269, 291, 292, 298, 308, 321, 331, 332, 336, 339, 344, 347, 353, 360, 361, 387, 389, 393, 395, 408, 410, 411, 412, 430, 451, 461, 464, 981, 471, 481, 484, 490, 497, 502, 503, 506}",23.0,"{1152, 387, 1158, 11, 1043, 1179, 548, 554, 1082, 1083, 1217, 66, 207, 81, 82, 85, 344, 347, 353, 1132, 1264, 502, 503}",8.0,"{387, 1179, 207, 82, 1043, 85, 502, 1083}",3.0,"{82, 1083, 1179}",1.0,{1179},1.0,{1179},1.0,{1179},1.0,{1179},1.0,{1179},,,,,,,,,,,,,,,,,,,,,,,,,,,,,,,,,,,,,,,,,,,,,,,,,,,,,,,,,,,,,,,,,,,,,,,,,,,,,,,,,,,,,,,,,,,,,,,,,,,,,,,,,,,,,,,,,,,,,,,,,,,,,,,,,,,,,,,,,,,,,,,,,,,,,,,,,,,,,,,,,,,,,,,,,,,,,,,,,,,,,,,,,,,,,,,,,,,,,,,,,,,,,,,,,,,,,,,,,,,,,,,,,,,,,,,,,,,,,,,,,,,,,,,,,,,,,,,,,,,,,,,,,,,,,,,,,,,,,,,,,,,,,,,,,,,,,,,,,,,,,,,,,,,,,,,,,,,,,,,,,,,,,,,,,,,,,,,,,,,,,,,,,,,,,,,,,,,,,,,,,,,,,,,,,,,,,,,,,,,,,,,,,,,,,,,,,,,,,,,,,,,,,,,,,,,,,,,,,,,,,,,,,,,,,,,,,,,,,,,,,,,,,,,,
18,CIOIN,8.0,157.0,"{1, 4, 7, 9, 521, 528, 529, 1045, 534, 1058, 554, 43, 557, 558, 1069, 48, 1071, 1072, 563, 54, 1083, 1089, 1090, 1091, 70, 75, 587, 1100, 1102, 1103, 1104, 593, 82, 85, 86, 601, 1123, 1128, 617, 1130, 108, 1132, 114, 1148, 1152, 1153, 642, 1156, 645, 649, 138, 650, 651, 1162, 662, 152, 1178, 155, 1179, 669, 174, 686, 176, 178, 179, 1204, 184, 185, 188, 194, 200, 1224, 206, 207, 1232, 722, 1234, 216, 1240, 734, 1246, 1251, 1252, 233, 1257, 748, 237, 238, 1264, 242, 759, 760, 762, 792, 282, 794, 795, 798, 289, 293, 295, 812, 303, 819, 822, 824, 826, 316, 829, 326, 328, 331, 856, 861, 354, 879, 884, 375, 378, 384, 385, 900, 389, 392, 904, 395, 922, 411, 925, 933, 939, 430, 946, 950, 440, 955, 958, 453, 455, 967, 461, 464, 465, 469, 981, 471, 988, 989, 478, 483, 485, 1001, 1006, 1011, 502, 503, 504}",28.0,"{385, 389, 645, 904, 529, 534, 792, 282, 925, 440, 1091, 326, 455, 587, 464, 465, 82, 1234, 85, 469, 216, 988, 354, 1123, 485, 748, 1132, 503}",13.0,"{354, 1123, 389, 326, 440, 485, 1132, 464, 465, 469, 534, 216, 988}",8.0,"{485, 326, 464, 465, 469, 534, 216, 988}",3.0,"{464, 485, 326}",1.0,{485},1.0,{485},1.0,{485},,,,,,,,,,,,,,,,,,,,,,,,,,,,,,,,,,,,,,,,,,,,,,,,,,,,,,,,,,,,,,,,,,,,,,,,,,,,,,,,,,,,,,,,,,,,,,,,,,,,,,,,,,,,,,,,,,,,,,,,,,,,,,,,,,,,,,,,,,,,,,,,,,,,,,,,,,,,,,,,,,,,,,,,,,,,,,,,,,,,,,,,,,,,,,,,,,,,,,,,,,,,,,,,,,,,,,,,,,,,,,,,,,,,,,,,,,,,,,,,,,,,,,,,,,,,,,,,,,,,,,,,,,,,,,,,,,,,,,,,,,,,,,,,,,,,,,,,,,,,,,,,,,,,,,,,,,,,,,,,,,,,,,,,,,,,,,,,,,,,,,,,,,,,,,,,,,,,,,,,,,,,,,,,,,,,,,,,,,,,,,,,,,,,,,,,,,,,,,,,,,,,,,,,,,,,,,,,,,,,,,,,,,,,,,,,,,,,,,,,,,,,,,,,,,,,,,
19,AEDAE;ANOGA;DROME;DROPS,2.0,26.0,"{130, 398, 405, 534, 280, 548, 1061, 308, 57, 1210, 325, 588, 1106, 468, 981, 1239, 216, 90, 94, 485, 361, 1257, 498, 502, 380, 382}",5.0,"{548, 398, 405, 216, 1210}",,,,,,,,,,,,,,,,,,,,,,,,,,,,,,,,,,,,,,,,,,,,,,,,,,,,,,,,,,,,,,,,,,,,,,,,,,,,,,,,,,,,,,,,,,,,,,,,,,,,,,,,,,,,,,,,,,,,,,,,,,,,,,,,,,,,,,,,,,,,,,,,,,,,,,,,,,,,,,,,,,,,,,,,,,,,,,,,,,,,,,,,,,,,,,,,,,,,,,,,,,,,,,,,,,,,,,,,,,,,,,,,,,,,,,,,,,,,,,,,,,,,,,,,,,,,,,,,,,,,,,,,,,,,,,,,,,,,,,,,,,,,,,,,,,,,,,,,,,,,,,,,,,,,,,,,,,,,,,,,,,,,,,,,,,,,,,,,,,,,,,,,,,,,,,,,,,,,,,,,,,,,,,,,,,,,,,,,,,,,,,,,,,,,,,,,,,,,,,,,,,,,,,,,,,,,,,,,,,,,,,,,,,,,,,,,,,,,,,,,,,,,,,,,,,,,,,,,,,,,,,,,,,
20,APIME,0.0,,,,,,,,,,,,,,,,,,,,,,,,,,,,,,,,,,,,,,,,,,,,,,,,,,,,,,,,,,,,,,,,,,,,,,,,,,,,,,,,,,,,,,,,,,,,,,,,,,,,,,,,,,,,,,,,,,,,,,,,,,,,,,,,,,,,,,,,,,,,,,,,,,,,,,,,,,,,,,,,,,,,,,,,,,,,,,,,,,,,,,,,,,,,,,,,,,,,,,,,,,,,,,,,,,,,,,,,,,,,,,,,,,,,,,,,,,,,,,,,,,,,,,,,,,,,,,,,,,,,,,,,,,,,,,,,,,,,,,,,,,,,,,,,,,,,,,,,,,,,,,,,,,,,,,,,,,,,,,,,,,,,,,,,,,,,,,,,,,,,,,,,,,,,,,,,,,,,,,,,,,,,,,,,,,,,,,,,,,,,,,,,,,,,,,,,,,,,,,,,,,,,,,,,,,,,,,,,,,,,,,,,,,,,,,,,,,,,,,,,,,,,,,,,,,,,,,,,,,,,,,,,,,,,,,
21,BOVIN;CANFA;HUMAN;PANTR;MACMU;MOUSE;RAT;MONDO;CHICK;XENTR,4.0,606.0,"{0, 2, 4, 5, 7, 9, 10, 15, 16, 18, 19, 22, 24, 26, 27, 31, 32, 34, 35, 38, 45, 48, 51, 54, 55, 58, 60, 61, 62, 64, 66, 68, 69, 70, 72, 74, 77, 78, 79, 82, 83, 85, 86, 88, 90, 91, 93, 94, 96, 97, 101, 102, 103, 104, 105, 107, 108, 111, 112, 117, 119, 124, 130, 131, 133, 135, 136, 138, 139, 141, 144, 147, 148, 150, 151, 153, 158, 159, 163, 164, 167, 169, 176, 177, 180, 184, 186, 188, 189, 190, 191, 193, 196, 199, 202, 203, 207, 208, 209, 211, 213, 216, 217, 219, 221, 222, 227, 228, 239, 241, 247, 248, 250, 251, 252, 253, 261, 267, 273, 277, 279, 280, 281, 282, 284, 285, 288, 289, 291, 292, 293, 298, 300, 303, 304, 309, 310, 312, 314, 317, 320, 325, 326, 328, 329, 330, 331, 332, 333, 334, 335, 336, 340, 341, 343, 344, 346, 347, 348, 349, 350, 352, 353, 354, 356, 359, 361, 362, 364, 367, 368, 369, 371, 373, 376, 379, 380, 381, 382, 383, 384, 387, 388, 389, 391, 392, 393, 394, 396, 401, 402, 404, 406, 408, 409, 410, 411, 412, 413, 414, 415, 416, 419, 421, 424, 426, 429, 430, 433, 434, 436, 437, 440, 443, 447, 449, 452, 453, 454, 456, 457, 461, 465, 468, 470, 471, 472, 475, 476, 478, 479, 481, 482, 483, 484, 485, 487, 490, 491, 492, 493, 494, 498, 499, 501, 502, 503, 504, 505, 506, 507, 508, 509, 510, 512, 515, 516, 517, 521, 522, 525, 528, 530, 532, 534, 536, 538, 539, 542, 543, 546, 548, 549, 550, 551, 554, 555, 557, 558, 559, 560, 562, 564, 567, 571, 573, 577, 578, 579, 581, 583, 585, 587, 588, 590, 592, 594, 595, 596, 597, 598, 600, 601, 602, 603, 604, 606, 607, 608, 611, 612, 617, 620, 621, 622, 624, 625, 627, 630, 631, 633, 635, 639, 640, 641, 644, 647, 650, 651, 652, 657, 659, 660, 665, 669, 670, 679, 680, 681, 682, 684, 685, 687, 692, 693, 694, 697, 700, 705, 706, 707, 709, 710, 711, 714, 720, 727, 728, 729, 735, 738, 741, 744, 746, 748, 749, 753, 754, 760, 762, 764, 767, 769, 776, 777, 781, 785, 786, 787, 790, 791, 794, 796, 797, 798, 801, 802, 804, 805, 813, 816, 817, 819, 822, 823, 824, 827, 828, 829, 830, 832, 834, 835, 837, 838, 840, 841, 850, 852, 855, 859, 861, 867, 870, 874, 875, 881, 885, 887, 890, 893, 894, 899, 900, 903, 904, 905, 906, 910, 911, 912, 913, 914, 918, 924, 925, 932, 934, 936, 938, 940, 944, 947, 950, 951, 952, 953, 954, 955, 958, 959, 963, 964, 965, 966, 967, 968, 971, 972, 975, 977, 979, 980, 982, 983, 985, 988, 991, 993, 997, 1001, 1002, 1003, 1014, 1017, 1025, 1027, 1035, 1037, 1040, 1042, 1043, 1044, 1046, 1050, 1051, 1052, 1054, 1056, 1057, 1059, 1062, 1069, 1074, 1075, 1076, 1077, 1078, 1084, 1089, 1090, 1091, 1093, 1094, 1095, 1097, 1098, 1105, 1107, 1109, 1111, 1114, 1115, 1121, 1122, 1124, 1125, 1127, 1129, 1132, 1133, 1134, 1135, 1136, 1137, 1140, 1142, 1146, 1150, 1152, 1153, 1154, 1156, 1157, 1158, 1162, 1164, 1169, 1175, 1178, 1179, 1180, 1181, 1182, 1183, 1184, 1185, 1187, 1188, 1189, 1192, 1193, 1195, 1196, 1197, 1198, 1201, 1202, 1205, 1206, 1208, 1209, 1212, 1213, 1214, 1216, 1218, 1219, 1221, 1222, 1223, 1226, 1227, 1231, 1232, 1233, 1235, 1237, 1238, 1239, 1241, 1242, 1243, 1244, 1246, 1247, 1248, 1250, 1251, 1252, 1253, 1254, 1255, 1257, 1258, 1259, 1260, 1261, 1264, 1265, 1268, 1269, 1270, 1271, 1272, 1273}",17.0,"{449, 35, 1241, 325, 485, 456, 362, 409, 492, 303, 465, 434, 340, 309, 501, 440, 281}",2.0,"{440, 1241}",2.0,"{440, 1241}",,,,,,,,,,,,,,,,,,,,,,,,,,,,,,,,,,,,,,,,,,,,,,,,,,,,,,,,,,,,,,,,,,,,,,,,,,,,,,,,,,,,,,,,,,,,,,,,,,,,,,,,,,,,,,,,,,,,,,,,,,,,,,,,,,,,,,,,,,,,,,,,,,,,,,,,,,,,,,,,,,,,,,,,,,,,,,,,,,,,,,,,,,,,,,,,,,,,,,,,,,,,,,,,,,,,,,,,,,,,,,,,,,,,,,,,,,,,,,,,,,,,,,,,,,,,,,,,,,,,,,,,,,,,,,,,,,,,,,,,,,,,,,,,,,,,,,,,,,,,,,,,,,,,,,,,,,,,,,,,,,,,,,,,,,,,,,,,,,,,,,,,,,,,,,,,,,,,,,,,,,,,,,,,,,,,,,,,,,,,,,,,,,,,,,,,,,,,,,,,,,,,,,,,,,,,,,,,,,,,,,,,,,,,,,,,,,,,,,,,,,,,,,,,,,,,,,,,,,,,,,
22,BRARE;TETNG;FUGRU;ORYLA;GASAC,3.0,316.0,"{0, 3, 4, 6, 9, 10, 11, 13, 24, 26, 27, 29, 32, 38, 45, 47, 54, 56, 57, 58, 73, 77, 80, 81, 82, 85, 86, 90, 94, 95, 106, 114, 116, 118, 138, 141, 146, 149, 152, 153, 172, 175, 180, 184, 188, 192, 194, 196, 197, 199, 200, 207, 208, 209, 216, 217, 219, 221, 222, 235, 239, 258, 259, 265, 266, 268, 276, 285, 288, 291, 292, 298, 300, 307, 308, 319, 320, 321, 325, 326, 328, 331, 336, 345, 346, 347, 350, 351, 353, 359, 360, 361, 362, 363, 365, 370, 372, 376, 382, 384, 387, 389, 393, 395, 398, 405, 406, 408, 410, 411, 412, 416, 419, 421, 422, 425, 429, 431, 436, 437, 440, 443, 446, 447, 450, 451, 456, 461, 462, 463, 465, 467, 469, 470, 475, 477, 478, 479, 481, 482, 485, 488, 490, 493, 498, 499, 500, 502, 503, 505, 506, 512, 522, 526, 534, 536, 547, 548, 554, 555, 559, 564, 571, 573, 574, 578, 579, 583, 584, 587, 588, 589, 590, 592, 594, 595, 599, 600, 601, 605, 607, 611, 613, 644, 669, 674, 680, 695, 715, 719, 730, 734, 740, 743, 748, 754, 758, 768, 771, 772, 781, 796, 803, 806, 809, 813, 815, 818, 819, 853, 855, 860, 863, 865, 867, 880, 881, 883, 891, 912, 913, 917, 920, 929, 940, 941, 971, 977, 979, 980, 992, 998, 1000, 1005, 1013, 1014, 1027, 1043, 1050, 1059, 1060, 1063, 1065, 1067, 1069, 1070, 1072, 1080, 1082, 1083, 1086, 1088, 1090, 1091, 1102, 1103, 1106, 1110, 1111, 1114, 1115, 1118, 1122, 1123, 1129, 1130, 1132, 1136, 1142, 1146, 1147, 1157, 1158, 1159, 1160, 1179, 1180, 1191, 1198, 1199, 1200, 1206, 1207, 1211, 1213, 1216, 1217, 1221, 1222, 1223, 1224, 1225, 1226, 1228, 1229, 1230, 1231, 1232, 1233, 1234, 1239, 1241, 1242, 1246, 1247, 1248, 1250, 1252, 1253, 1257, 1258, 1264, 1265, 1269, 1271, 1273}",41.0,"{0, 384, 512, 1027, 1160, 781, 398, 534, 1179, 796, 419, 548, 1063, 298, 300, 1072, 308, 440, 57, 1088, 578, 579, 325, 1223, 1225, 971, 77, 1231, 208, 336, 82, 216, 219, 1118, 353, 481, 1122, 740, 502, 503, 506}",2.0,"{353, 534}",,,,,,,,,,,,,,,,,,,,,,,,,,,,,,,,,,,,,,,,,,,,,,,,,,,,,,,,,,,,,,,,,,,,,,,,,,,,,,,,,,,,,,,,,,,,,,,,,,,,,,,,,,,,,,,,,,,,,,,,,,,,,,,,,,,,,,,,,,,,,,,,,,,,,,,,,,,,,,,,,,,,,,,,,,,,,,,,,,,,,,,,,,,,,,,,,,,,,,,,,,,,,,,,,,,,,,,,,,,,,,,,,,,,,,,,,,,,,,,,,,,,,,,,,,,,,,,,,,,,,,,,,,,,,,,,,,,,,,,,,,,,,,,,,,,,,,,,,,,,,,,,,,,,,,,,,,,,,,,,,,,,,,,,,,,,,,,,,,,,,,,,,,,,,,,,,,,,,,,,,,,,,,,,,,,,,,,,,,,,,,,,,,,,,,,,,,,,,,,,,,,,,,,,,,,,,,,,,,,,,,,,,,,,,,,,,,,,,,,,,,,,,,,,,,,,,,,,,,,,,,,,
23,AEDAE;ANOGA,5.0,114.0,"{1024, 3, 1027, 1028, 521, 1037, 16, 528, 533, 534, 1049, 29, 1058, 1059, 548, 1062, 1068, 55, 568, 1083, 60, 1088, 1090, 1096, 1098, 587, 85, 1112, 90, 94, 1120, 612, 1124, 1132, 114, 631, 130, 134, 646, 651, 141, 155, 163, 165, 171, 686, 687, 180, 692, 694, 1210, 193, 1224, 714, 716, 1239, 216, 1248, 1251, 1253, 233, 746, 1257, 748, 1264, 241, 242, 759, 1271, 769, 260, 772, 280, 282, 805, 302, 306, 307, 310, 314, 827, 325, 326, 331, 333, 847, 341, 354, 355, 361, 383, 897, 387, 900, 395, 398, 405, 426, 939, 433, 439, 446, 456, 468, 470, 472, 478, 482, 995, 485, 1007, 498, 1013, 1022}",18.0,"{354, 387, 548, 325, 326, 485, 1027, 1090, 1224, 171, 395, 1132, 398, 1257, 405, 470, 216, 1210}",8.0,"{387, 548, 325, 326, 485, 1257, 398, 216}",4.0,"{398, 387, 325, 326}",3.0,"{387, 325, 326}",,,,,,,,,,,,,,,,,,,,,,,,,,,,,,,,,,,,,,,,,,,,,,,,,,,,,,,,,,,,,,,,,,,,,,,,,,,,,,,,,,,,,,,,,,,,,,,,,,,,,,,,,,,,,,,,,,,,,,,,,,,,,,,,,,,,,,,,,,,,,,,,,,,,,,,,,,,,,,,,,,,,,,,,,,,,,,,,,,,,,,,,,,,,,,,,,,,,,,,,,,,,,,,,,,,,,,,,,,,,,,,,,,,,,,,,,,,,,,,,,,,,,,,,,,,,,,,,,,,,,,,,,,,,,,,,,,,,,,,,,,,,,,,,,,,,,,,,,,,,,,,,,,,,,,,,,,,,,,,,,,,,,,,,,,,,,,,,,,,,,,,,,,,,,,,,,,,,,,,,,,,,,,,,,,,,,,,,,,,,,,,,,,,,,,,,,,,,,,,,,,,,,,,,,,,,,,,,,,,,,,,,,,,,,,,,,,,,,,,,,,,,,,,,,,,,,,,,,,,,
24,DROME;DROPS,5.0,89.0,"{534, 25, 31, 545, 34, 35, 548, 1057, 1058, 1061, 1063, 1067, 1068, 557, 1071, 1072, 1074, 565, 1078, 55, 1081, 570, 1082, 1084, 1085, 1089, 586, 588, 589, 81, 82, 1106, 597, 1111, 1129, 107, 1132, 1150, 1161, 138, 141, 154, 693, 189, 1216, 196, 197, 1224, 216, 733, 1252, 1257, 234, 1258, 748, 1261, 767, 268, 277, 287, 288, 291, 298, 306, 821, 325, 326, 331, 336, 342, 369, 382, 385, 387, 389, 398, 409, 925, 951, 967, 469, 470, 475, 490, 1002, 492, 497, 498, 502}",31.0,"{387, 398, 534, 25, 154, 545, 1058, 548, 298, 1074, 1078, 951, 1081, 1082, 196, 325, 326, 1224, 586, 331, 336, 1106, 469, 342, 470, 1257, 748, 1132, 498, 502, 382}",14.0,"{1058, 387, 196, 325, 326, 548, 1257, 298, 331, 398, 498, 534, 951, 154}",6.0,"{1058, 387, 196, 325, 298, 534}",1.0,{325},,,,,,,,,,,,,,,,,,,,,,,,,,,,,,,,,,,,,,,,,,,,,,,,,,,,,,,,,,,,,,,,,,,,,,,,,,,,,,,,,,,,,,,,,,,,,,,,,,,,,,,,,,,,,,,,,,,,,,,,,,,,,,,,,,,,,,,,,,,,,,,,,,,,,,,,,,,,,,,,,,,,,,,,,,,,,,,,,,,,,,,,,,,,,,,,,,,,,,,,,,,,,,,,,,,,,,,,,,,,,,,,,,,,,,,,,,,,,,,,,,,,,,,,,,,,,,,,,,,,,,,,,,,,,,,,,,,,,,,,,,,,,,,,,,,,,,,,,,,,,,,,,,,,,,,,,,,,,,,,,,,,,,,,,,,,,,,,,,,,,,,,,,,,,,,,,,,,,,,,,,,,,,,,,,,,,,,,,,,,,,,,,,,,,,,,,,,,,,,,,,,,,,,,,,,,,,,,,,,,,,,,,,,,,,,,,,,,,,,,,,,,,,,,,,,,,,,,,,,,
25,BOVIN;CANFA;HUMAN;PANTR;MACMU;MOUSE;RAT;MONDO;CHICK,3.0,602.0,"{0, 2, 4, 5, 8, 10, 11, 17, 18, 19, 20, 21, 22, 25, 28, 29, 31, 32, 34, 39, 40, 43, 44, 46, 53, 54, 57, 58, 60, 61, 65, 66, 68, 69, 71, 77, 79, 80, 81, 82, 85, 91, 93, 94, 96, 97, 98, 99, 100, 101, 102, 103, 104, 107, 108, 112, 113, 115, 116, 118, 120, 121, 123, 124, 125, 126, 130, 132, 134, 136, 138, 140, 141, 142, 144, 146, 149, 150, 151, 153, 154, 159, 162, 165, 166, 171, 172, 175, 178, 181, 182, 184, 188, 189, 192, 193, 194, 199, 201, 203, 204, 207, 208, 213, 216, 217, 219, 220, 221, 227, 228, 231, 232, 233, 235, 236, 237, 240, 242, 251, 256, 257, 258, 262, 271, 275, 277, 282, 284, 285, 287, 288, 289, 290, 291, 292, 293, 294, 297, 298, 306, 309, 313, 314, 317, 318, 320, 321, 326, 328, 329, 330, 333, 336, 337, 338, 340, 341, 342, 343, 344, 345, 346, 347, 348, 351, 353, 354, 356, 357, 360, 362, 363, 365, 367, 370, 371, 372, 377, 380, 385, 387, 394, 395, 396, 398, 400, 401, 404, 405, 408, 409, 410, 411, 414, 415, 419, 424, 428, 429, 430, 432, 434, 435, 437, 438, 439, 440, 447, 450, 451, 454, 456, 458, 459, 461, 462, 463, 465, 466, 470, 472, 476, 477, 478, 481, 482, 483, 485, 488, 489, 490, 492, 493, 494, 495, 497, 498, 502, 503, 504, 506, 509, 510, 511, 512, 514, 515, 516, 518, 521, 523, 526, 530, 532, 533, 539, 540, 542, 543, 544, 548, 549, 551, 552, 555, 556, 557, 558, 559, 560, 561, 565, 567, 570, 573, 577, 578, 579, 581, 582, 584, 585, 586, 587, 588, 591, 592, 595, 596, 597, 599, 600, 601, 602, 604, 610, 613, 617, 618, 620, 622, 624, 625, 626, 629, 631, 633, 635, 642, 644, 646, 647, 649, 653, 655, 656, 657, 659, 664, 666, 667, 672, 673, 676, 677, 682, 685, 688, 690, 692, 693, 695, 700, 702, 704, 705, 709, 710, 711, 713, 716, 717, 718, 720, 723, 724, 728, 729, 730, 731, 733, 734, 735, 738, 744, 746, 748, 749, 751, 753, 755, 757, 758, 759, 760, 762, 765, 767, 771, 773, 784, 785, 787, 788, 789, 791, 792, 794, 797, 800, 801, 802, 804, 805, 808, 811, 812, 814, 816, 819, 822, 823, 824, 826, 830, 831, 834, 835, 837, 840, 841, 843, 844, 848, 849, 850, 853, 858, 859, 860, 865, 866, 867, 869, 876, 877, 878, 881, 882, 884, 887, 888, 891, 893, 894, 896, 897, 898, 899, 901, 903, 905, 906, 907, 910, 915, 917, 924, 935, 940, 942, 944, 948, 950, 953, 956, 958, 959, 961, 965, 966, 971, 972, 974, 977, 978, 979, 980, 985, 987, 991, 992, 993, 996, 997, 1002, 1005, 1006, 1010, 1011, 1013, 1021, 1026, 1027, 1028, 1030, 1033, 1035, 1038, 1040, 1043, 1044, 1047, 1048, 1050, 1052, 1054, 1055, 1060, 1063, 1064, 1066, 1069, 1070, 1072, 1073, 1075, 1076, 1085, 1087, 1092, 1094, 1095, 1098, 1101, 1103, 1104, 1105, 1106, 1113, 1116, 1118, 1119, 1120, 1129, 1132, 1136, 1139, 1142, 1146, 1147, 1150, 1152, 1153, 1154, 1156, 1157, 1158, 1159, 1160, 1161, 1165, 1168, 1169, 1172, 1173, 1174, 1177, 1179, 1180, 1181, 1183, 1184, 1185, 1186, 1187, 1189, 1191, 1193, 1194, 1196, 1198, 1200, 1201, 1203, 1204, 1206, 1207, 1208, 1210, 1211, 1212, 1213, 1214, 1219, 1220, 1221, 1222, 1223, 1224, 1225, 1227, 1230, 1231, 1232, 1233, 1234, 1236, 1238, 1239, 1240, 1246, 1247, 1248, 1250, 1251, 1252, 1253, 1255, 1256, 1257, 1258, 1260, 1262, 1264, 1265, 1268, 1270, 1271, 1272, 1273}",8.0,"{1152, 97, 326, 203, 748, 207, 1103, 440}",1.0,{748},,,,,,,,,,,,,,,,,,,,,,,,,,,,,,,,,,,,,,,,,,,,,,,,,,,,,,,,,,,,,,,,,,,,,,,,,,,,,,,,,,,,,,,,,,,,,,,,,,,,,,,,,,,,,,,,,,,,,,,,,,,,,,,,,,,,,,,,,,,,,,,,,,,,,,,,,,,,,,,,,,,,,,,,,,,,,,,,,,,,,,,,,,,,,,,,,,,,,,,,,,,,,,,,,,,,,,,,,,,,,,,,,,,,,,,,,,,,,,,,,,,,,,,,,,,,,,,,,,,,,,,,,,,,,,,,,,,,,,,,,,,,,,,,,,,,,,,,,,,,,,,,,,,,,,,,,,,,,,,,,,,,,,,,,,,,,,,,,,,,,,,,,,,,,,,,,,,,,,,,,,,,,,,,,,,,,,,,,,,,,,,,,,,,,,,,,,,,,,,,,,,,,,,,,,,,,,,,,,,,,,,,,,,,,,,,,,,,,,,,,,,,,,,,,,,,,,,,,,,,,,,,
26,XENTR,13.0,34.0,"{0, 256, 387, 389, 1160, 11, 529, 18, 281, 411, 291, 1194, 52, 440, 1084, 325, 326, 583, 456, 1222, 331, 464, 82, 469, 88, 225, 485, 358, 1257, 1132, 365, 502, 758, 1148}",9.0,"{291, 325, 358, 326, 1257, 331, 464, 469, 440}",4.0,"{464, 1257, 358, 326}",2.0,"{1257, 358}",2.0,"{1257, 358}",2.0,"{1257, 358}",1.0,{358},1.0,{358},1.0,{358},1.0,{358},1.0,{358},1.0,{358},1.0,{358},,,,,,,,,,,,,,,,,,,,,,,,,,,,,,,,,,,,,,,,,,,,,,,,,,,,,,,,,,,,,,,,,,,,,,,,,,,,,,,,,,,,,,,,,,,,,,,,,,,,,,,,,,,,,,,,,,,,,,,,,,,,,,,,,,,,,,,,,,,,,,,,,,,,,,,,,,,,,,,,,,,,,,,,,,,,,,,,,,,,,,,,,,,,,,,,,,,,,,,,,,,,,,,,,,,,,,,,,,,,,,,,,,,,,,,,,,,,,,,,,,,,,,,,,,,,,,,,,,,,,,,,,,,,,,,,,,,,,,,,,,,,,,,,,,,,,,,,,,,,,,,,,,,,,,,,,,,,,,,,,,,,,,,,,,,,,,,,,,,,,,,,,,,,,,,,,,,,,,,,,,,,,,,,,,,,,,,,,,,,,,,,,,,,,,,,,,,,,,,,,,,,,,,,,,,,,,,,,,,,,,,,,,,,,,,,,,,,,,,,,,,,
27,BRARE,4.0,133.0,"{0, 1027, 1038, 527, 528, 534, 536, 1056, 547, 548, 553, 554, 1069, 47, 1072, 1077, 566, 56, 1083, 573, 63, 1088, 578, 579, 583, 75, 77, 590, 81, 82, 1110, 599, 90, 602, 605, 607, 96, 1123, 613, 1136, 1139, 1142, 119, 641, 1157, 1160, 149, 153, 667, 1180, 669, 674, 680, 1198, 175, 689, 1206, 184, 1213, 195, 1220, 198, 1223, 200, 1225, 203, 1228, 207, 208, 1234, 1239, 216, 1246, 1248, 226, 1252, 239, 1264, 261, 780, 272, 273, 291, 803, 804, 303, 319, 325, 326, 328, 331, 332, 850, 347, 353, 370, 374, 382, 389, 909, 912, 913, 403, 410, 416, 929, 419, 933, 940, 429, 946, 440, 446, 456, 970, 464, 465, 467, 979, 469, 470, 980, 477, 478, 991, 998, 488, 490, 498, 501, 502, 503, 506}",18.0,"{353, 674, 291, 548, 325, 326, 1123, 456, 1083, 970, 331, 1225, 464, 465, 467, 216, 347, 478}",5.0,"{353, 1123, 325, 331, 464}",1.0,{464},,,,,,,,,,,,,,,,,,,,,,,,,,,,,,,,,,,,,,,,,,,,,,,,,,,,,,,,,,,,,,,,,,,,,,,,,,,,,,,,,,,,,,,,,,,,,,,,,,,,,,,,,,,,,,,,,,,,,,,,,,,,,,,,,,,,,,,,,,,,,,,,,,,,,,,,,,,,,,,,,,,,,,,,,,,,,,,,,,,,,,,,,,,,,,,,,,,,,,,,,,,,,,,,,,,,,,,,,,,,,,,,,,,,,,,,,,,,,,,,,,,,,,,,,,,,,,,,,,,,,,,,,,,,,,,,,,,,,,,,,,,,,,,,,,,,,,,,,,,,,,,,,,,,,,,,,,,,,,,,,,,,,,,,,,,,,,,,,,,,,,,,,,,,,,,,,,,,,,,,,,,,,,,,,,,,,,,,,,,,,,,,,,,,,,,,,,,,,,,,,,,,,,,,,,,,,,,,,,,,,,,,,,,,,,,,,,,,,,,,,,,,,,,,,,,,,,,,,,,,,,
28,TETNG;FUGRU;ORYLA;GASAC,1.0,135.0,"{0, 1027, 6, 526, 1038, 1040, 1043, 21, 534, 536, 1048, 1050, 27, 44, 1070, 1071, 561, 579, 582, 73, 77, 1102, 82, 594, 1107, 85, 86, 89, 1115, 1118, 95, 617, 1130, 1132, 622, 116, 1147, 1148, 644, 1158, 1160, 138, 652, 146, 662, 1179, 161, 1199, 180, 695, 192, 196, 1223, 207, 208, 1231, 1232, 730, 219, 223, 1247, 226, 740, 235, 748, 1262, 1264, 264, 265, 266, 777, 272, 273, 277, 796, 800, 289, 806, 298, 300, 325, 328, 332, 336, 850, 340, 853, 855, 353, 365, 881, 370, 372, 891, 384, 389, 393, 396, 908, 909, 917, 406, 408, 409, 411, 412, 924, 416, 420, 424, 939, 941, 440, 954, 960, 450, 967, 456, 970, 971, 461, 464, 980, 477, 992, 481, 485, 488, 490, 494, 495, 499, 500, 501, 1012}",,,,,,,,,,,,,,,,,,,,,,,,,,,,,,,,,,,,,,,,,,,,,,,,,,,,,,,,,,,,,,,,,,,,,,,,,,,,,,,,,,,,,,,,,,,,,,,,,,,,,,,,,,,,,,,,,,,,,,,,,,,,,,,,,,,,,,,,,,,,,,,,,,,,,,,,,,,,,,,,,,,,,,,,,,,,,,,,,,,,,,,,,,,,,,,,,,,,,,,,,,,,,,,,,,,,,,,,,,,,,,,,,,,,,,,,,,,,,,,,,,,,,,,,,,,,,,,,,,,,,,,,,,,,,,,,,,,,,,,,,,,,,,,,,,,,,,,,,,,,,,,,,,,,,,,,,,,,,,,,,,,,,,,,,,,,,,,,,,,,,,,,,,,,,,,,,,,,,,,,,,,,,,,,,,,,,,,,,,,,,,,,,,,,,,,,,,,,,,,,,,,,,,,,,,,,,,,,,,,,,,,,,,,,,,,,,,,,,,,,,,,,,,,,,,,,,,,,,,,,,,,,,,,,
29,AEDAE,6.0,145.0,"{1024, 1028, 521, 1037, 14, 1038, 16, 528, 533, 534, 1050, 29, 1058, 1059, 548, 37, 1060, 1062, 41, 1068, 51, 57, 1087, 1088, 1090, 70, 1096, 587, 1099, 78, 1106, 1112, 601, 90, 603, 94, 612, 616, 106, 1132, 114, 626, 1142, 631, 119, 634, 637, 641, 130, 131, 134, 646, 648, 651, 155, 1179, 670, 163, 165, 677, 686, 175, 687, 691, 180, 692, 694, 1209, 1210, 700, 193, 198, 1224, 714, 719, 1238, 1239, 216, 1248, 1253, 1257, 746, 748, 1262, 752, 242, 759, 1271, 763, 769, 771, 260, 772, 264, 272, 785, 280, 282, 805, 300, 306, 307, 308, 314, 827, 835, 325, 326, 331, 333, 847, 849, 850, 341, 859, 354, 364, 876, 369, 374, 383, 897, 387, 900, 398, 405, 415, 934, 426, 939, 431, 433, 446, 967, 456, 981, 478, 995, 495, 1007, 498, 1013, 502, 503, 1022}",12.0,"{1090, 131, 771, 325, 326, 331, 398, 431, 1106, 374, 759, 1239}",3.0,"{771, 325, 326}",2.0,"{325, 326}",2.0,"{325, 326}",2.0,"{325, 326}",,,,,,,,,,,,,,,,,,,,,,,,,,,,,,,,,,,,,,,,,,,,,,,,,,,,,,,,,,,,,,,,,,,,,,,,,,,,,,,,,,,,,,,,,,,,,,,,,,,,,,,,,,,,,,,,,,,,,,,,,,,,,,,,,,,,,,,,,,,,,,,,,,,,,,,,,,,,,,,,,,,,,,,,,,,,,,,,,,,,,,,,,,,,,,,,,,,,,,,,,,,,,,,,,,,,,,,,,,,,,,,,,,,,,,,,,,,,,,,,,,,,,,,,,,,,,,,,,,,,,,,,,,,,,,,,,,,,,,,,,,,,,,,,,,,,,,,,,,,,,,,,,,,,,,,,,,,,,,,,,,,,,,,,,,,,,,,,,,,,,,,,,,,,,,,,,,,,,,,,,,,,,,,,,,,,,,,,,,,,,,,,,,,,,,,,,,,,,,,,,,,,,,,,,,,,,,,,,,,,,,,,,,,,,,,,,,,,,,,,,,,,,,,,,,,,,,,,,,
30,ANOGA,8.0,40.0,"{0, 641, 1027, 649, 272, 405, 1049, 284, 548, 1060, 171, 175, 439, 1079, 1209, 1210, 1083, 60, 325, 326, 967, 1224, 1098, 331, 716, 85, 981, 216, 485, 233, 1257, 1132, 1133, 241, 369, 626, 502, 505, 1018, 764}",9.0,"{325, 326, 1224, 1257, 331, 175, 216, 1210, 284}",4.0,"{216, 1210, 325, 326}",3.0,"{1210, 325, 326}",1.0,{1210},1.0,{1210},1.0,{1210},1.0,{1210},,,,,,,,,,,,,,,,,,,,,,,,,,,,,,,,,,,,,,,,,,,,,,,,,,,,,,,,,,,,,,,,,,,,,,,,,,,,,,,,,,,,,,,,,,,,,,,,,,,,,,,,,,,,,,,,,,,,,,,,,,,,,,,,,,,,,,,,,,,,,,,,,,,,,,,,,,,,,,,,,,,,,,,,,,,,,,,,,,,,,,,,,,,,,,,,,,,,,,,,,,,,,,,,,,,,,,,,,,,,,,,,,,,,,,,,,,,,,,,,,,,,,,,,,,,,,,,,,,,,,,,,,,,,,,,,,,,,,,,,,,,,,,,,,,,,,,,,,,,,,,,,,,,,,,,,,,,,,,,,,,,,,,,,,,,,,,,,,,,,,,,,,,,,,,,,,,,,,,,,,,,,,,,,,,,,,,,,,,,,,,,,,,,,,,,,,,,,,,,,,,,,,,,,,,,,,,,,,,,,,,,,,,,,,,,,,,,,,,,,,,,,,,,,,,,,,,
31,DROME,-0.0,,,,,,,,,,,,,,,,,,,,,,,,,,,,,,,,,,,,,,,,,,,,,,,,,,,,,,,,,,,,,,,,,,,,,,,,,,,,,,,,,,,,,,,,,,,,,,,,,,,,,,,,,,,,,,,,,,,,,,,,,,,,,,,,,,,,,,,,,,,,,,,,,,,,,,,,,,,,,,,,,,,,,,,,,,,,,,,,,,,,,,,,,,,,,,,,,,,,,,,,,,,,,,,,,,,,,,,,,,,,,,,,,,,,,,,,,,,,,,,,,,,,,,,,,,,,,,,,,,,,,,,,,,,,,,,,,,,,,,,,,,,,,,,,,,,,,,,,,,,,,,,,,,,,,,,,,,,,,,,,,,,,,,,,,,,,,,,,,,,,,,,,,,,,,,,,,,,,,,,,,,,,,,,,,,,,,,,,,,,,,,,,,,,,,,,,,,,,,,,,,,,,,,,,,,,,,,,,,,,,,,,,,,,,,,,,,,,,,,,,,,,,,,,,,,,,,,,,,,,,,,,,,,,,,,
32,DROPS,0.0,,,,,,,,,,,,,,,,,,,,,,,,,,,,,,,,,,,,,,,,,,,,,,,,,,,,,,,,,,,,,,,,,,,,,,,,,,,,,,,,,,,,,,,,,,,,,,,,,,,,,,,,,,,,,,,,,,,,,,,,,,,,,,,,,,,,,,,,,,,,,,,,,,,,,,,,,,,,,,,,,,,,,,,,,,,,,,,,,,,,,,,,,,,,,,,,,,,,,,,,,,,,,,,,,,,,,,,,,,,,,,,,,,,,,,,,,,,,,,,,,,,,,,,,,,,,,,,,,,,,,,,,,,,,,,,,,,,,,,,,,,,,,,,,,,,,,,,,,,,,,,,,,,,,,,,,,,,,,,,,,,,,,,,,,,,,,,,,,,,,,,,,,,,,,,,,,,,,,,,,,,,,,,,,,,,,,,,,,,,,,,,,,,,,,,,,,,,,,,,,,,,,,,,,,,,,,,,,,,,,,,,,,,,,,,,,,,,,,,,,,,,,,,,,,,,,,,,,,,,,,,,,,,,,,,
33,BOVIN;CANFA;HUMAN;PANTR;MACMU;MOUSE;RAT;MONDO,4.0,644.0,"{0, 4, 6, 7, 8, 9, 11, 13, 14, 15, 17, 18, 19, 20, 21, 24, 27, 28, 29, 32, 35, 36, 37, 38, 43, 44, 45, 46, 49, 51, 54, 55, 56, 57, 58, 60, 61, 64, 65, 70, 71, 72, 74, 75, 77, 80, 81, 82, 83, 85, 90, 93, 96, 97, 98, 99, 102, 103, 104, 108, 109, 110, 112, 115, 118, 119, 120, 123, 125, 131, 132, 133, 134, 136, 138, 139, 140, 141, 143, 145, 149, 150, 151, 153, 154, 158, 159, 163, 164, 168, 169, 170, 173, 180, 184, 185, 187, 193, 194, 197, 198, 200, 202, 203, 205, 207, 208, 209, 210, 213, 216, 217, 219, 221, 226, 230, 231, 232, 233, 235, 240, 241, 242, 243, 244, 245, 246, 247, 248, 251, 253, 254, 255, 258, 259, 262, 265, 267, 269, 270, 272, 273, 274, 275, 276, 279, 280, 284, 285, 287, 289, 290, 291, 292, 294, 295, 296, 298, 302, 304, 306, 308, 312, 314, 315, 317, 318, 319, 320, 321, 326, 328, 329, 330, 332, 333, 335, 336, 337, 338, 341, 342, 343, 344, 345, 347, 351, 352, 353, 358, 360, 361, 362, 363, 364, 365, 367, 368, 369, 370, 371, 375, 380, 381, 382, 384, 387, 388, 389, 390, 391, 393, 394, 395, 397, 398, 399, 400, 402, 404, 407, 408, 409, 410, 411, 412, 415, 419, 421, 424, 425, 426, 430, 434, 438, 440, 446, 447, 449, 450, 451, 452, 453, 454, 455, 456, 457, 461, 462, 464, 465, 469, 470, 471, 472, 474, 475, 477, 478, 480, 481, 482, 484, 485, 486, 487, 489, 490, 492, 494, 497, 499, 500, 501, 502, 503, 505, 506, 507, 508, 509, 512, 513, 514, 517, 520, 521, 522, 525, 526, 528, 529, 531, 532, 534, 536, 538, 539, 541, 543, 547, 548, 549, 550, 552, 553, 554, 555, 556, 557, 559, 561, 564, 567, 569, 571, 574, 575, 577, 579, 583, 584, 586, 587, 588, 595, 601, 602, 604, 608, 609, 611, 621, 622, 626, 630, 631, 637, 639, 640, 643, 647, 649, 651, 655, 657, 658, 660, 662, 663, 664, 665, 667, 668, 670, 675, 676, 679, 680, 681, 682, 690, 691, 693, 694, 696, 699, 700, 704, 705, 706, 707, 709, 711, 712, 714, 716, 718, 721, 724, 727, 730, 731, 733, 734, 740, 741, 745, 746, 748, 752, 753, 754, 757, 759, 761, 763, 766, 767, 771, 772, 776, 777, 783, 784, 786, 790, 792, 794, 795, 798, 804, 805, 807, 808, 809, 812, 815, 816, 817, 818, 820, 821, 822, 823, 825, 826, 827, 830, 833, 834, 835, 839, 840, 843, 849, 851, 854, 855, 859, 860, 862, 864, 865, 868, 870, 872, 873, 875, 877, 878, 879, 880, 884, 886, 887, 888, 893, 897, 898, 899, 901, 902, 903, 911, 913, 915, 918, 919, 920, 926, 932, 935, 937, 938, 942, 944, 945, 946, 950, 952, 954, 955, 961, 964, 965, 966, 967, 970, 972, 973, 979, 980, 983, 985, 989, 992, 996, 998, 1000, 1002, 1006, 1009, 1011, 1014, 1017, 1019, 1021, 1024, 1025, 1026, 1027, 1029, 1036, 1037, 1039, 1040, 1042, 1043, 1046, 1047, 1048, 1049, 1050, 1051, 1054, 1057, 1061, 1063, 1064, 1066, 1068, 1073, 1074, 1079, 1080, 1081, 1082, 1085, 1090, 1091, 1094, 1097, 1098, 1100, 1101, 1102, 1105, 1106, 1111, 1112, 1113, 1114, 1120, 1121, 1125, 1127, 1128, 1129, 1130, 1132, 1133, 1136, 1137, 1138, 1139, 1141, 1147, 1151, 1152, 1154, 1156, 1158, 1161, 1164, 1166, 1168, 1171, 1172, 1173, 1174, 1177, 1179, 1180, 1181, 1183, 1184, 1185, 1188, 1189, 1191, 1193, 1194, 1195, 1196, 1198, 1199, 1200, 1202, 1203, 1205, 1209, 1210, 1213, 1216, 1217, 1218, 1219, 1220, 1221, 1222, 1223, 1224, 1230, 1231, 1232, 1233, 1235, 1238, 1239, 1241, 1242, 1243, 1245, 1246, 1247, 1249, 1250, 1251, 1252, 1253, 1256, 1257, 1259, 1260, 1261, 1262, 1264, 1265, 1268, 1269, 1270, 1271, 1273}",28.0,"{388, 389, 1168, 529, 657, 1172, 1179, 29, 291, 1063, 1064, 184, 58, 579, 326, 1224, 333, 80, 464, 469, 216, 474, 477, 485, 362, 490, 497, 246}",2.0,"{490, 579}",2.0,"{490, 579}",,,,,,,,,,,,,,,,,,,,,,,,,,,,,,,,,,,,,,,,,,,,,,,,,,,,,,,,,,,,,,,,,,,,,,,,,,,,,,,,,,,,,,,,,,,,,,,,,,,,,,,,,,,,,,,,,,,,,,,,,,,,,,,,,,,,,,,,,,,,,,,,,,,,,,,,,,,,,,,,,,,,,,,,,,,,,,,,,,,,,,,,,,,,,,,,,,,,,,,,,,,,,,,,,,,,,,,,,,,,,,,,,,,,,,,,,,,,,,,,,,,,,,,,,,,,,,,,,,,,,,,,,,,,,,,,,,,,,,,,,,,,,,,,,,,,,,,,,,,,,,,,,,,,,,,,,,,,,,,,,,,,,,,,,,,,,,,,,,,,,,,,,,,,,,,,,,,,,,,,,,,,,,,,,,,,,,,,,,,,,,,,,,,,,,,,,,,,,,,,,,,,,,,,,,,,,,,,,,,,,,,,,,,,,,,,,,,,,,,,,,,,,,,,,,,,,,,,,,,,,,
34,CHICK,4.0,28.0,"{1152, 389, 135, 776, 1039, 1148, 1042, 416, 548, 304, 54, 440, 571, 1221, 1224, 331, 722, 597, 474, 737, 1123, 612, 1257, 1134, 1137, 1267, 630, 252}",4.0,"{1224, 1257, 1123, 1267}",2.0,"{1257, 1123}",1.0,{1257},,,,,,,,,,,,,,,,,,,,,,,,,,,,,,,,,,,,,,,,,,,,,,,,,,,,,,,,,,,,,,,,,,,,,,,,,,,,,,,,,,,,,,,,,,,,,,,,,,,,,,,,,,,,,,,,,,,,,,,,,,,,,,,,,,,,,,,,,,,,,,,,,,,,,,,,,,,,,,,,,,,,,,,,,,,,,,,,,,,,,,,,,,,,,,,,,,,,,,,,,,,,,,,,,,,,,,,,,,,,,,,,,,,,,,,,,,,,,,,,,,,,,,,,,,,,,,,,,,,,,,,,,,,,,,,,,,,,,,,,,,,,,,,,,,,,,,,,,,,,,,,,,,,,,,,,,,,,,,,,,,,,,,,,,,,,,,,,,,,,,,,,,,,,,,,,,,,,,,,,,,,,,,,,,,,,,,,,,,,,,,,,,,,,,,,,,,,,,,,,,,,,,,,,,,,,,,,,,,,,,,,,,,,,,,,,,,,,,,,,,,,,,,,,,,,,,,,,,,,,,,
35,TETNG;FUGRU,2.0,77.0,"{512, 6, 536, 27, 548, 38, 44, 1070, 561, 56, 57, 59, 60, 571, 1085, 79, 595, 86, 1121, 103, 617, 116, 638, 138, 146, 665, 161, 1204, 192, 194, 1220, 199, 1231, 208, 217, 1253, 743, 1257, 748, 1260, 1262, 1264, 1268, 760, 259, 265, 277, 286, 800, 813, 827, 325, 326, 327, 328, 336, 353, 365, 384, 897, 389, 420, 421, 440, 954, 450, 967, 456, 971, 977, 475, 481, 999, 490, 501, 503, 504}",5.0,"{194, 328, 1268, 86, 440}",,,,,,,,,,,,,,,,,,,,,,,,,,,,,,,,,,,,,,,,,,,,,,,,,,,,,,,,,,,,,,,,,,,,,,,,,,,,,,,,,,,,,,,,,,,,,,,,,,,,,,,,,,,,,,,,,,,,,,,,,,,,,,,,,,,,,,,,,,,,,,,,,,,,,,,,,,,,,,,,,,,,,,,,,,,,,,,,,,,,,,,,,,,,,,,,,,,,,,,,,,,,,,,,,,,,,,,,,,,,,,,,,,,,,,,,,,,,,,,,,,,,,,,,,,,,,,,,,,,,,,,,,,,,,,,,,,,,,,,,,,,,,,,,,,,,,,,,,,,,,,,,,,,,,,,,,,,,,,,,,,,,,,,,,,,,,,,,,,,,,,,,,,,,,,,,,,,,,,,,,,,,,,,,,,,,,,,,,,,,,,,,,,,,,,,,,,,,,,,,,,,,,,,,,,,,,,,,,,,,,,,,,,,,,,,,,,,,,,,,,,,,,,,,,,,,,,,,,,,,,,,,,,
36,ORYLA;GASAC,2.0,25.0,"{0, 1160, 393, 526, 530, 534, 924, 288, 291, 1063, 298, 555, 308, 1080, 1081, 1082, 464, 81, 85, 216, 494, 1264, 502, 891, 1148}",6.0,"{291, 1082, 393, 216, 1081, 1080}",,,,,,,,,,,,,,,,,,,,,,,,,,,,,,,,,,,,,,,,,,,,,,,,,,,,,,,,,,,,,,,,,,,,,,,,,,,,,,,,,,,,,,,,,,,,,,,,,,,,,,,,,,,,,,,,,,,,,,,,,,,,,,,,,,,,,,,,,,,,,,,,,,,,,,,,,,,,,,,,,,,,,,,,,,,,,,,,,,,,,,,,,,,,,,,,,,,,,,,,,,,,,,,,,,,,,,,,,,,,,,,,,,,,,,,,,,,,,,,,,,,,,,,,,,,,,,,,,,,,,,,,,,,,,,,,,,,,,,,,,,,,,,,,,,,,,,,,,,,,,,,,,,,,,,,,,,,,,,,,,,,,,,,,,,,,,,,,,,,,,,,,,,,,,,,,,,,,,,,,,,,,,,,,,,,,,,,,,,,,,,,,,,,,,,,,,,,,,,,,,,,,,,,,,,,,,,,,,,,,,,,,,,,,,,,,,,,,,,,,,,,,,,,,,,,,,,,,,,,,,,,,,,
37,BOVIN;CANFA;HUMAN;PANTR;MACMU;MOUSE;RAT,4.0,1128.0,"{0, 1, 2, 4, 5, 6, 8, 9, 10, 11, 12, 13, 14, 15, 16, 17, 18, 19, 20, 21, 22, 24, 25, 26, 27, 28, 29, 30, 31, 32, 34, 35, 37, 38, 39, 40, 43, 44, 45, 46, 48, 50, 51, 52, 53, 54, 55, 56, 57, 58, 60, 62, 63, 64, 65, 66, 67, 68, 69, 70, 71, 72, 74, 77, 78, 79, 80, 81, 82, 84, 85, 86, 89, 90, 91, 92, 94, 95, 96, 97, 98, 99, 100, 101, 102, 103, 104, 105, 107, 108, 109, 110, 111, 112, 115, 116, 117, 118, 119, 120, 121, 123, 124, 125, 126, 130, 131, 132, 133, 134, 135, 136, 137, 138, 139, 140, 141, 142, 143, 144, 146, 147, 148, 149, 150, 151, 152, 153, 154, 155, 156, 157, 158, 159, 160, 161, 162, 163, 164, 165, 166, 167, 168, 169, 170, 171, 172, 173, 174, 175, 176, 177, 178, 179, 180, 181, 182, 183, 184, 185, 186, 187, 188, 189, 190, 191, 192, 193, 194, 195, 196, 197, 198, 199, 200, 201, 202, 203, 204, 206, 207, 208, 209, 210, 211, 212, 213, 216, 217, 218, 219, 220, 221, 222, 226, 227, 228, 229, 230, 231, 232, 233, 234, 235, 236, 237, 239, 240, 241, 242, 243, 244, 245, 246, 248, 250, 251, 252, 254, 255, 256, 257, 258, 259, 260, 262, 263, 264, 265, 268, 269, 270, 271, 272, 273, 274, 275, 276, 277, 278, 279, 280, 281, 282, 284, 285, 286, 287, 288, 289, 290, 291, 292, 293, 294, 295, 296, 297, 298, 300, 302, 303, 304, 305, 306, 307, 308, 309, 310, 312, 313, 314, 315, 317, 318, 319, 320, 321, 322, 325, 326, 327, 328, 329, 330, 331, 332, 333, 334, 335, 336, 337, 338, 339, 341, 342, 343, 344, 345, 346, 347, 348, 349, 350, 351, 353, 354, 356, 357, 359, 360, 361, 362, 363, 364, 365, 367, 368, 369, 370, 371, 372, 373, 374, 375, 376, 377, 378, 379, 380, 381, 382, 383, 384, 385, 387, 388, 389, 390, 391, 392, 393, 394, 395, 396, 397, 398, 399, 400, 401, 402, 403, 404, 405, 407, 408, 409, 410, 411, 412, 413, 414, 415, 416, 417, 419, 420, 421, 422, 423, 424, 425, 427, 428, 429, 430, 432, 433, 434, 435, 436, 437, 438, 439, 440, 442, 443, 444, 445, 446, 447, 449, 450, 451, 452, 454, 455, 456, 457, 458, 459, 460, 461, 462, 463, 464, 465, 466, 467, 468, 469, 470, 471, 472, 473, 474, 475, 476, 477, 478, 479, 480, 481, 482, 483, 484, 485, 486, 487, 488, 489, 490, 491, 492, 493, 494, 495, 496, 497, 498, 499, 500, 501, 502, 503, 504, 505, 506, 507, 508, 509, 510, 512, 513, 514, 515, 516, 517, 518, 519, 520, 522, 523, 525, 526, 527, 528, 529, 530, 531, 532, 533, 534, 536, 538, 539, 540, 541, 542, 543, 544, 546, 547, 548, 549, 550, 551, 552, 553, 554, 555, 556, 557, 558, 559, 560, 561, 562, 564, 565, 566, 567, 569, 570, 571, 572, 573, 574, 575, 577, 578, 579, 581, 582, 583, 584, 585, 586, 587, 588, 590, 591, 592, 593, 594, 595, 596, 597, 598, 599, 600, 601, 602, 603, 604, 605, 606, 607, 608, 609, 610, 611, 612, 613, 614, 615, 617, 618, 619, 620, 621, 622, 624, 625, 626, 627, 629, 630, 631, 632, 633, 635, 637, 639, 640, 641, 642, 643, 644, 646, 647, 649, 650, 651, 652, 653, 654, 655, 656, 659, 660, 661, 662, 663, 664, 665, 666, 667, 668, 669, 670, 672, 673, 674, 675, 676, 677, 679, 680, 681, 682, 683, 684, 685, 686, 687, 688, 690, 691, 692, 693, 694, 695, 696, 697, 699, 700, 701, 702, 703, 704, 705, 706, 707, 709, 710, 711, 712, 713, 714, 715, 716, 717, 718, 719, 720, 721, 722, 723, 724, 725, 727, 728, 729, 730, 731, 732, 733, 734, 735, 737, 738, 739, 740, 741, 742, 743, 744, 745, 746, 747, 748, 749, 750, 751, 752, 753, 754, 755, 757, 758, 759, 760, 762, 763, 764, 765, 766, 767, 768, 769, 771, 772, 773, 775, 776, 777, 778, 780, 781, 783, 784, 785, 786, 787, 788, 789, 790, 791, 792, 794, 795, 796, 797, 798, 799, 800, 801, 802, 803, 804, 805, 806, 807, 808, 809, 810, 811, 812, 813, 814, 815, 816, 817, 818, 819, 820, 821, 822, 823, 824, 825, 826, 827, 828, 829, 830, 831, 832, 833, 834, 835, 836, 837, 838, 839, 840, 841, 843, 844, 848, 849, 850, 851, 852, 853, 854, 855, 857, 858, 859, 860, 861, 862, 864, 865, 866, 867, 868, 869, 870, 871, 872, 873, 874, 875, 876, 878, 879, 880, 881, 882, 883, 884, 885, 887, 888, 889, 891, 892, 893, 894, 896, 897, 898, 899, 900, 901, 902, 904, 905, 906, 907, 910, 911, 912, 913, 914, 915, 917, 918, 919, 920, 921, 922, 924, 925, 926, 927, 929, 930, 932, 933, 934, 935, 936, 937, 938, 939, 940, 941, 942, 943, 944, 945, 946, 947, 948, 949, 950, 951, 952, 953, 954, 955, 956, 958, 959, 960, 961, 963, 964, 965, 966, 967, 968, 969, 970, 971, 972, 973, 974, 975, 976, 977, 978, 979, 980, 981, 982, 983, 984, 985, 987, 988, 989, 990, 991, 992, 993, 994, 995, 996, 997, 998, 999, 1000, 1001, 1002, 1003, 1005, 1006, 1007, 1008, 1009, 1010, 1011, 1013, 1014, 1015, 1016, 1017, 1018, 1019, 1021, 1022, 1023, 1024, 1025, 1026, 1027, 1028, 1029, 1030, 1033, 1035, 1036, 1037, 1038, 1039, 1040, 1042, 1043, 1044, 1045, 1046, 1048, 1049, 1050, 1051, 1052, 1054, 1055, 1056, 1057, 1058, 1059, 1060, 1061, 1062, 1063, 1064, 1066, 1067, 1068, 1069, 1070, 1072, 1074, 1075, 1076, 1077, 1078, 1079, 1080, 1081, 1082, 1084, 1085, 1086, 1087, 1088, 1089, 1090, 1091, 1092, 1093, 1094, 1095, 1098, 1099, 1100, 1102, 1103, 1104, 1105, 1106, 1107, 1109, 1110, 1111, 1112, 1113, 1114, 1115, 1116, 1117, 1118, 1119, 1120, 1121, 1122, 1123, 1124, 1125, 1126, 1127, 1128, 1129, 1130, 1131, 1132, 1133, 1135, 1136, 1137, 1138, 1139, 1140, 1141, 1142, 1146, 1147, 1148, 1150, 1151, 1152, 1153, 1154, 1156, 1157, 1158, 1159, 1160, 1161, 1162, 1163, 1164, 1165, 1166, 1167, 1169, 1171, 1172, 1173, 1174, 1175, 1176, 1177, 1179, 1180, 1181, 1182, 1183, 1184, 1185, 1186, 1187, 1189, 1191, 1192, 1193, 1194, 1195, 1196, 1197, 1198, 1199, 1200, 1201, 1202, 1203, 1204, 1205, 1206, 1207, 1208, 1209, 1210, 1211, 1212, 1213, 1214, 1216, 1217, 1218, 1219, 1220, 1221, 1222, 1223, 1224, 1225, 1226, 1227, 1228, 1229, 1230, 1231, 1232, 1233, 1234, 1235, 1236, 1237, 1238, 1239, 1240, 1241, 1242, 1243, 1244, 1245, 1246, 1247, 1248, 1249, 1250, 1251, 1252, 1253, 1254, 1255, 1256, 1257, 1258, 1259, 1260, 1261, 1262, 1264, 1265, 1267, 1268, 1269, 1270, 1271, 1273}",159.0,"{0, 1027, 522, 11, 527, 16, 1040, 530, 534, 25, 538, 1049, 547, 548, 1061, 38, 1063, 555, 1069, 1072, 51, 52, 1075, 566, 569, 58, 570, 571, 1085, 62, 577, 579, 587, 1102, 80, 81, 595, 84, 86, 599, 94, 1119, 608, 1126, 1128, 1130, 107, 1132, 109, 117, 118, 1146, 125, 641, 1154, 1160, 1161, 1166, 150, 662, 1174, 155, 1180, 673, 173, 1200, 1205, 183, 1208, 697, 699, 193, 194, 1220, 1222, 202, 1226, 204, 207, 1231, 721, 216, 1241, 730, 1242, 1246, 737, 1249, 1251, 740, 744, 233, 1257, 1258, 749, 750, 251, 252, 258, 281, 285, 286, 287, 291, 293, 813, 817, 310, 312, 313, 315, 831, 836, 326, 327, 330, 331, 332, 333, 844, 344, 360, 361, 365, 880, 370, 888, 380, 894, 387, 388, 389, 900, 904, 394, 408, 421, 423, 424, 428, 429, 434, 436, 948, 445, 452, 456, 970, 462, 483, 490, 492, 497, 502, 503, 1014, 505, 508, 1023}",19.0,"{641, 387, 287, 38, 423, 1072, 183, 570, 62, 326, 84, 1119, 1128, 1257, 490, 1258, 497, 502, 1146}",5.0,"{326, 1257, 1146, 62, 1119}",,,,,,,,,,,,,,,,,,,,,,,,,,,,,,,,,,,,,,,,,,,,,,,,,,,,,,,,,,,,,,,,,,,,,,,,,,,,,,,,,,,,,,,,,,,,,,,,,,,,,,,,,,,,,,,,,,,,,,,,,,,,,,,,,,,,,,,,,,,,,,,,,,,,,,,,,,,,,,,,,,,,,,,,,,,,,,,,,,,,,,,,,,,,,,,,,,,,,,,,,,,,,,,,,,,,,,,,,,,,,,,,,,,,,,,,,,,,,,,,,,,,,,,,,,,,,,,,,,,,,,,,,,,,,,,,,,,,,,,,,,,,,,,,,,,,,,,,,,,,,,,,,,,,,,,,,,,,,,,,,,,,,,,,,,,,,,,,,,,,,,,,,,,,,,,,,,,,,,,,,,,,,,,,,,,,,,,,,,,,,,,,,,,,,,,,,,,,,,,,,,,,,,,,,,,,,,,,,,,,,,,,,,,,,,,,,,,,,,,,,,,,,,,,,,,,,,,,,,,,,,
38,MONDO,7.0,92.0,"{1, 4, 10, 12, 14, 527, 1054, 32, 1058, 39, 40, 556, 45, 1074, 1078, 1080, 58, 570, 61, 1089, 1093, 1095, 1099, 1104, 84, 1113, 92, 94, 1119, 97, 107, 1132, 111, 1138, 116, 1140, 121, 1146, 1158, 138, 672, 176, 1208, 190, 196, 197, 208, 1234, 212, 216, 1241, 246, 761, 764, 789, 291, 310, 325, 326, 838, 334, 858, 362, 365, 881, 891, 387, 388, 389, 393, 408, 922, 925, 423, 936, 940, 437, 439, 440, 953, 443, 464, 465, 467, 988, 478, 991, 993, 490, 492, 502, 503}",19.0,"{1, 4, 1054, 40, 45, 310, 443, 325, 326, 1093, 334, 208, 464, 216, 492, 1132, 246, 502, 1146}",7.0,"{325, 326, 492, 1132, 464, 310, 246}",5.0,"{325, 326, 1132, 310, 246}",2.0,"{1132, 246}",2.0,"{1132, 246}",1.0,{1132},,,,,,,,,,,,,,,,,,,,,,,,,,,,,,,,,,,,,,,,,,,,,,,,,,,,,,,,,,,,,,,,,,,,,,,,,,,,,,,,,,,,,,,,,,,,,,,,,,,,,,,,,,,,,,,,,,,,,,,,,,,,,,,,,,,,,,,,,,,,,,,,,,,,,,,,,,,,,,,,,,,,,,,,,,,,,,,,,,,,,,,,,,,,,,,,,,,,,,,,,,,,,,,,,,,,,,,,,,,,,,,,,,,,,,,,,,,,,,,,,,,,,,,,,,,,,,,,,,,,,,,,,,,,,,,,,,,,,,,,,,,,,,,,,,,,,,,,,,,,,,,,,,,,,,,,,,,,,,,,,,,,,,,,,,,,,,,,,,,,,,,,,,,,,,,,,,,,,,,,,,,,,,,,,,,,,,,,,,,,,,,,,,,,,,,,,,,,,,,,,,,,,,,,,,,,,,,,,,,,,,,,,,,,,,,,,,,,,,,,,,,,,,,,,,,,,,,,
39,TETNG,2.0,4.0,"{194, 1179, 276, 85}",1.0,{194},,,,,,,,,,,,,,,,,,,,,,,,,,,,,,,,,,,,,,,,,,,,,,,,,,,,,,,,,,,,,,,,,,,,,,,,,,,,,,,,,,,,,,,,,,,,,,,,,,,,,,,,,,,,,,,,,,,,,,,,,,,,,,,,,,,,,,,,,,,,,,,,,,,,,,,,,,,,,,,,,,,,,,,,,,,,,,,,,,,,,,,,,,,,,,,,,,,,,,,,,,,,,,,,,,,,,,,,,,,,,,,,,,,,,,,,,,,,,,,,,,,,,,,,,,,,,,,,,,,,,,,,,,,,,,,,,,,,,,,,,,,,,,,,,,,,,,,,,,,,,,,,,,,,,,,,,,,,,,,,,,,,,,,,,,,,,,,,,,,,,,,,,,,,,,,,,,,,,,,,,,,,,,,,,,,,,,,,,,,,,,,,,,,,,,,,,,,,,,,,,,,,,,,,,,,,,,,,,,,,,,,,,,,,,,,,,,,,,,,,,,,,,,,,,,,,,,,,,,,,,,,,,,
40,FUGRU,0.0,,,,,,,,,,,,,,,,,,,,,,,,,,,,,,,,,,,,,,,,,,,,,,,,,,,,,,,,,,,,,,,,,,,,,,,,,,,,,,,,,,,,,,,,,,,,,,,,,,,,,,,,,,,,,,,,,,,,,,,,,,,,,,,,,,,,,,,,,,,,,,,,,,,,,,,,,,,,,,,,,,,,,,,,,,,,,,,,,,,,,,,,,,,,,,,,,,,,,,,,,,,,,,,,,,,,,,,,,,,,,,,,,,,,,,,,,,,,,,,,,,,,,,,,,,,,,,,,,,,,,,,,,,,,,,,,,,,,,,,,,,,,,,,,,,,,,,,,,,,,,,,,,,,,,,,,,,,,,,,,,,,,,,,,,,,,,,,,,,,,,,,,,,,,,,,,,,,,,,,,,,,,,,,,,,,,,,,,,,,,,,,,,,,,,,,,,,,,,,,,,,,,,,,,,,,,,,,,,,,,,,,,,,,,,,,,,,,,,,,,,,,,,,,,,,,,,,,,,,,,,,,,,,,,,,
41,ORYLA,0.0,,,,,,,,,,,,,,,,,,,,,,,,,,,,,,,,,,,,,,,,,,,,,,,,,,,,,,,,,,,,,,,,,,,,,,,,,,,,,,,,,,,,,,,,,,,,,,,,,,,,,,,,,,,,,,,,,,,,,,,,,,,,,,,,,,,,,,,,,,,,,,,,,,,,,,,,,,,,,,,,,,,,,,,,,,,,,,,,,,,,,,,,,,,,,,,,,,,,,,,,,,,,,,,,,,,,,,,,,,,,,,,,,,,,,,,,,,,,,,,,,,,,,,,,,,,,,,,,,,,,,,,,,,,,,,,,,,,,,,,,,,,,,,,,,,,,,,,,,,,,,,,,,,,,,,,,,,,,,,,,,,,,,,,,,,,,,,,,,,,,,,,,,,,,,,,,,,,,,,,,,,,,,,,,,,,,,,,,,,,,,,,,,,,,,,,,,,,,,,,,,,,,,,,,,,,,,,,,,,,,,,,,,,,,,,,,,,,,,,,,,,,,,,,,,,,,,,,,,,,,,,,,,,,,,,
42,GASAC,5.0,5.0,"{291, 325, 1080, 1081, 1082}",3.0,"{1080, 1081, 1082}",2.0,"{1080, 1082}",2.0,"{1080, 1082}",1.0,{1082},,,,,,,,,,,,,,,,,,,,,,,,,,,,,,,,,,,,,,,,,,,,,,,,,,,,,,,,,,,,,,,,,,,,,,,,,,,,,,,,,,,,,,,,,,,,,,,,,,,,,,,,,,,,,,,,,,,,,,,,,,,,,,,,,,,,,,,,,,,,,,,,,,,,,,,,,,,,,,,,,,,,,,,,,,,,,,,,,,,,,,,,,,,,,,,,,,,,,,,,,,,,,,,,,,,,,,,,,,,,,,,,,,,,,,,,,,,,,,,,,,,,,,,,,,,,,,,,,,,,,,,,,,,,,,,,,,,,,,,,,,,,,,,,,,,,,,,,,,,,,,,,,,,,,,,,,,,,,,,,,,,,,,,,,,,,,,,,,,,,,,,,,,,,,,,,,,,,,,,,,,,,,,,,,,,,,,,,,,,,,,,,,,,,,,,,,,,,,,,,,,,,,,,,,,,,,,,,,,,,,,,,,,,,,,,,,,,,,,,,,,,,,,,,,,,,,,,,,,,,
43,BOVIN;CANFA,-0.0,,,,,,,,,,,,,,,,,,,,,,,,,,,,,,,,,,,,,,,,,,,,,,,,,,,,,,,,,,,,,,,,,,,,,,,,,,,,,,,,,,,,,,,,,,,,,,,,,,,,,,,,,,,,,,,,,,,,,,,,,,,,,,,,,,,,,,,,,,,,,,,,,,,,,,,,,,,,,,,,,,,,,,,,,,,,,,,,,,,,,,,,,,,,,,,,,,,,,,,,,,,,,,,,,,,,,,,,,,,,,,,,,,,,,,,,,,,,,,,,,,,,,,,,,,,,,,,,,,,,,,,,,,,,,,,,,,,,,,,,,,,,,,,,,,,,,,,,,,,,,,,,,,,,,,,,,,,,,,,,,,,,,,,,,,,,,,,,,,,,,,,,,,,,,,,,,,,,,,,,,,,,,,,,,,,,,,,,,,,,,,,,,,,,,,,,,,,,,,,,,,,,,,,,,,,,,,,,,,,,,,,,,,,,,,,,,,,,,,,,,,,,,,,,,,,,,,,,,,,,,,,,,,,,,,
44,HUMAN;PANTR;MACMU;MOUSE;RAT,2.0,62.0,"{642, 771, 1160, 138, 394, 1040, 150, 790, 536, 538, 411, 1051, 1054, 547, 810, 427, 555, 1074, 1075, 310, 440, 57, 570, 1208, 193, 1090, 325, 326, 1093, 1224, 75, 331, 206, 591, 81, 465, 979, 855, 216, 602, 603, 730, 93, 94, 607, 1119, 353, 1250, 740, 1125, 1128, 361, 490, 1257, 492, 365, 1134, 1136, 370, 1017, 380, 127}",8.0,"{1250, 326, 1257, 490, 331, 492, 57, 94}",,,,,,,,,,,,,,,,,,,,,,,,,,,,,,,,,,,,,,,,,,,,,,,,,,,,,,,,,,,,,,,,,,,,,,,,,,,,,,,,,,,,,,,,,,,,,,,,,,,,,,,,,,,,,,,,,,,,,,,,,,,,,,,,,,,,,,,,,,,,,,,,,,,,,,,,,,,,,,,,,,,,,,,,,,,,,,,,,,,,,,,,,,,,,,,,,,,,,,,,,,,,,,,,,,,,,,,,,,,,,,,,,,,,,,,,,,,,,,,,,,,,,,,,,,,,,,,,,,,,,,,,,,,,,,,,,,,,,,,,,,,,,,,,,,,,,,,,,,,,,,,,,,,,,,,,,,,,,,,,,,,,,,,,,,,,,,,,,,,,,,,,,,,,,,,,,,,,,,,,,,,,,,,,,,,,,,,,,,,,,,,,,,,,,,,,,,,,,,,,,,,,,,,,,,,,,,,,,,,,,,,,,,,,,,,,,,,,,,,,,,,,,,,,,,,,,,,,,,,,,,,,,,
45,BOVIN,11.0,94.0,"{0, 7, 522, 527, 19, 1023, 1056, 547, 1062, 45, 566, 1080, 569, 1089, 579, 583, 1103, 603, 1119, 1128, 1136, 113, 1146, 1147, 639, 127, 1154, 1161, 1162, 1163, 154, 155, 1180, 670, 697, 712, 204, 1229, 1238, 1245, 225, 737, 1256, 233, 1257, 750, 778, 788, 281, 284, 285, 796, 287, 308, 309, 310, 312, 313, 314, 315, 836, 325, 326, 840, 331, 332, 852, 344, 349, 354, 358, 888, 893, 382, 389, 392, 393, 398, 423, 428, 436, 439, 444, 452, 970, 465, 469, 984, 487, 490, 492, 499, 1016, 511}",18.0,"{325, 326, 423, 392, 1161, 1257, 331, 332, 398, 1103, 465, 469, 566, 312, 313, 314, 796, 1023}",9.0,"{325, 326, 423, 392, 1257, 332, 398, 465, 314}",4.0,"{392, 1257, 398, 423}",2.0,"{1257, 398}",2.0,"{1257, 398}",2.0,"{1257, 398}",2.0,"{1257, 398}",1.0,{398},1.0,{398},1.0,{398},,,,,,,,,,,,,,,,,,,,,,,,,,,,,,,,,,,,,,,,,,,,,,,,,,,,,,,,,,,,,,,,,,,,,,,,,,,,,,,,,,,,,,,,,,,,,,,,,,,,,,,,,,,,,,,,,,,,,,,,,,,,,,,,,,,,,,,,,,,,,,,,,,,,,,,,,,,,,,,,,,,,,,,,,,,,,,,,,,,,,,,,,,,,,,,,,,,,,,,,,,,,,,,,,,,,,,,,,,,,,,,,,,,,,,,,,,,,,,,,,,,,,,,,,,,,,,,,,,,,,,,,,,,,,,,,,,,,,,,,,,,,,,,,,,,,,,,,,,,,,,,,,,,,,,,,,,,,,,,,,,,,,,,,,,,,,,,,,,,,,,,,,,,,,,,,,,,,,,,,,,,,,,,,,,,,,,,,,,,,,,,,,,,,,,,,,,,,,,,,,,,,,,,,,,,,,,,,,,,,,,,,,,,,,,,,,,,,,,,,,,,,,,,,
46,CANFA,3.0,60.0,"{0, 1152, 642, 1153, 1272, 8, 1160, 11, 271, 25, 1179, 163, 291, 548, 1068, 1069, 817, 307, 309, 54, 314, 443, 445, 62, 1088, 193, 1217, 325, 326, 1222, 1224, 1097, 75, 333, 207, 465, 467, 595, 85, 852, 1119, 608, 1247, 1248, 483, 1251, 102, 1255, 744, 1257, 362, 490, 874, 497, 502, 887, 1142, 1146, 379, 894}",16.0,"{0, 642, 548, 325, 326, 1255, 11, 1068, 333, 1069, 465, 817, 467, 1272, 445, 62}",6.0,"{325, 326, 1255, 1272, 445, 62}",,,,,,,,,,,,,,,,,,,,,,,,,,,,,,,,,,,,,,,,,,,,,,,,,,,,,,,,,,,,,,,,,,,,,,,,,,,,,,,,,,,,,,,,,,,,,,,,,,,,,,,,,,,,,,,,,,,,,,,,,,,,,,,,,,,,,,,,,,,,,,,,,,,,,,,,,,,,,,,,,,,,,,,,,,,,,,,,,,,,,,,,,,,,,,,,,,,,,,,,,,,,,,,,,,,,,,,,,,,,,,,,,,,,,,,,,,,,,,,,,,,,,,,,,,,,,,,,,,,,,,,,,,,,,,,,,,,,,,,,,,,,,,,,,,,,,,,,,,,,,,,,,,,,,,,,,,,,,,,,,,,,,,,,,,,,,,,,,,,,,,,,,,,,,,,,,,,,,,,,,,,,,,,,,,,,,,,,,,,,,,,,,,,,,,,,,,,,,,,,,,,,,,,,,,,,,,,,,,,,,,,,,,,,,,,,,,,,,,,,,,,,,,,,,,,,,,,,,,,,,,,,
47,HUMAN;PANTR;MACMU,1.0,59.0,"{1152, 526, 16, 528, 1040, 150, 153, 1049, 1179, 673, 293, 1061, 1063, 936, 937, 434, 1074, 308, 309, 948, 183, 312, 443, 699, 1083, 190, 961, 322, 195, 325, 1096, 75, 587, 206, 1102, 1230, 465, 84, 727, 983, 1241, 602, 475, 93, 222, 1247, 1123, 998, 1126, 1257, 490, 492, 749, 113, 373, 247, 888, 508, 1023}",,,,,,,,,,,,,,,,,,,,,,,,,,,,,,,,,,,,,,,,,,,,,,,,,,,,,,,,,,,,,,,,,,,,,,,,,,,,,,,,,,,,,,,,,,,,,,,,,,,,,,,,,,,,,,,,,,,,,,,,,,,,,,,,,,,,,,,,,,,,,,,,,,,,,,,,,,,,,,,,,,,,,,,,,,,,,,,,,,,,,,,,,,,,,,,,,,,,,,,,,,,,,,,,,,,,,,,,,,,,,,,,,,,,,,,,,,,,,,,,,,,,,,,,,,,,,,,,,,,,,,,,,,,,,,,,,,,,,,,,,,,,,,,,,,,,,,,,,,,,,,,,,,,,,,,,,,,,,,,,,,,,,,,,,,,,,,,,,,,,,,,,,,,,,,,,,,,,,,,,,,,,,,,,,,,,,,,,,,,,,,,,,,,,,,,,,,,,,,,,,,,,,,,,,,,,,,,,,,,,,,,,,,,,,,,,,,,,,,,,,,,,,,,,,,,,,,,,,,,,,,,,,,,,
48,MOUSE;RAT,2.0,86.0,"{0, 1040, 23, 1051, 1054, 548, 1063, 557, 563, 54, 570, 571, 1091, 75, 80, 1106, 84, 86, 91, 94, 1123, 1126, 1128, 108, 1136, 1140, 1146, 1152, 131, 644, 650, 144, 156, 1189, 166, 174, 1207, 184, 188, 194, 195, 1220, 197, 1224, 1229, 206, 1241, 1246, 1247, 226, 233, 1257, 1259, 239, 1268, 253, 257, 781, 291, 307, 312, 325, 326, 331, 333, 353, 362, 380, 389, 398, 406, 411, 420, 424, 937, 427, 429, 434, 437, 440, 972, 465, 474, 490, 492, 503}",5.0,"{1123, 326, 490, 563, 474}",,,,,,,,,,,,,,,,,,,,,,,,,,,,,,,,,,,,,,,,,,,,,,,,,,,,,,,,,,,,,,,,,,,,,,,,,,,,,,,,,,,,,,,,,,,,,,,,,,,,,,,,,,,,,,,,,,,,,,,,,,,,,,,,,,,,,,,,,,,,,,,,,,,,,,,,,,,,,,,,,,,,,,,,,,,,,,,,,,,,,,,,,,,,,,,,,,,,,,,,,,,,,,,,,,,,,,,,,,,,,,,,,,,,,,,,,,,,,,,,,,,,,,,,,,,,,,,,,,,,,,,,,,,,,,,,,,,,,,,,,,,,,,,,,,,,,,,,,,,,,,,,,,,,,,,,,,,,,,,,,,,,,,,,,,,,,,,,,,,,,,,,,,,,,,,,,,,,,,,,,,,,,,,,,,,,,,,,,,,,,,,,,,,,,,,,,,,,,,,,,,,,,,,,,,,,,,,,,,,,,,,,,,,,,,,,,,,,,,,,,,,,,,,,,,,,,,,,,,,,,,,,,,
49,HUMAN;PANTR,2.0,19.0,"{526, 528, 23, 291, 548, 1059, 936, 831, 319, 325, 326, 1096, 1229, 1230, 465, 602, 222, 113, 251}",1.0,{325},,,,,,,,,,,,,,,,,,,,,,,,,,,,,,,,,,,,,,,,,,,,,,,,,,,,,,,,,,,,,,,,,,,,,,,,,,,,,,,,,,,,,,,,,,,,,,,,,,,,,,,,,,,,,,,,,,,,,,,,,,,,,,,,,,,,,,,,,,,,,,,,,,,,,,,,,,,,,,,,,,,,,,,,,,,,,,,,,,,,,,,,,,,,,,,,,,,,,,,,,,,,,,,,,,,,,,,,,,,,,,,,,,,,,,,,,,,,,,,,,,,,,,,,,,,,,,,,,,,,,,,,,,,,,,,,,,,,,,,,,,,,,,,,,,,,,,,,,,,,,,,,,,,,,,,,,,,,,,,,,,,,,,,,,,,,,,,,,,,,,,,,,,,,,,,,,,,,,,,,,,,,,,,,,,,,,,,,,,,,,,,,,,,,,,,,,,,,,,,,,,,,,,,,,,,,,,,,,,,,,,,,,,,,,,,,,,,,,,,,,,,,,,,,,,,,,,,,,,,,,,,,,,
50,MACMU,4.0,84.0,"{16, 17, 548, 1061, 1063, 559, 1072, 1074, 51, 570, 1085, 62, 1090, 579, 1093, 1097, 75, 587, 1102, 84, 93, 608, 1121, 1126, 105, 642, 1160, 649, 138, 153, 1179, 673, 676, 1194, 194, 195, 1218, 1220, 202, 727, 216, 1247, 737, 1257, 749, 247, 771, 277, 288, 289, 293, 295, 298, 308, 309, 312, 314, 326, 334, 361, 365, 373, 888, 379, 904, 925, 422, 424, 937, 429, 434, 439, 961, 469, 983, 475, 998, 487, 490, 492, 497, 505, 508, 1023}",15.0,"{288, 1090, 548, 293, 1126, 295, 1160, 1257, 490, 75, 492, 84, 277, 308, 314}",3.0,"{1257, 75, 84}",2.0,"{1257, 75}",,,,,,,,,,,,,,,,,,,,,,,,,,,,,,,,,,,,,,,,,,,,,,,,,,,,,,,,,,,,,,,,,,,,,,,,,,,,,,,,,,,,,,,,,,,,,,,,,,,,,,,,,,,,,,,,,,,,,,,,,,,,,,,,,,,,,,,,,,,,,,,,,,,,,,,,,,,,,,,,,,,,,,,,,,,,,,,,,,,,,,,,,,,,,,,,,,,,,,,,,,,,,,,,,,,,,,,,,,,,,,,,,,,,,,,,,,,,,,,,,,,,,,,,,,,,,,,,,,,,,,,,,,,,,,,,,,,,,,,,,,,,,,,,,,,,,,,,,,,,,,,,,,,,,,,,,,,,,,,,,,,,,,,,,,,,,,,,,,,,,,,,,,,,,,,,,,,,,,,,,,,,,,,,,,,,,,,,,,,,,,,,,,,,,,,,,,,,,,,,,,,,,,,,,,,,,,,,,,,,,,,,,,,,,,,,,,,,,,,,,,,,,,,,,,,,,,,,,,,,,,
51,MOUSE,4.0,47.0,"{0, 510, 25, 1054, 287, 291, 36, 548, 1059, 1064, 173, 1073, 434, 690, 308, 1075, 312, 184, 314, 443, 1091, 196, 325, 326, 1093, 1224, 1099, 332, 844, 80, 81, 465, 472, 89, 1241, 91, 1247, 864, 485, 487, 1257, 362, 1140, 1017, 1146, 382, 127}",7.0,"{325, 326, 485, 332, 465, 1075, 472}",2.0,"{472, 325}",1.0,{325},,,,,,,,,,,,,,,,,,,,,,,,,,,,,,,,,,,,,,,,,,,,,,,,,,,,,,,,,,,,,,,,,,,,,,,,,,,,,,,,,,,,,,,,,,,,,,,,,,,,,,,,,,,,,,,,,,,,,,,,,,,,,,,,,,,,,,,,,,,,,,,,,,,,,,,,,,,,,,,,,,,,,,,,,,,,,,,,,,,,,,,,,,,,,,,,,,,,,,,,,,,,,,,,,,,,,,,,,,,,,,,,,,,,,,,,,,,,,,,,,,,,,,,,,,,,,,,,,,,,,,,,,,,,,,,,,,,,,,,,,,,,,,,,,,,,,,,,,,,,,,,,,,,,,,,,,,,,,,,,,,,,,,,,,,,,,,,,,,,,,,,,,,,,,,,,,,,,,,,,,,,,,,,,,,,,,,,,,,,,,,,,,,,,,,,,,,,,,,,,,,,,,,,,,,,,,,,,,,,,,,,,,,,,,,,,,,,,,,,,,,,,,,,,,,,,,,,,,,,,,,
52,RAT,14.0,103.0,"{0, 521, 15, 1040, 23, 25, 1058, 1059, 548, 1063, 557, 1070, 1074, 1075, 565, 54, 1079, 1080, 571, 1084, 1089, 1091, 581, 582, 1097, 80, 82, 595, 84, 1107, 86, 601, 94, 1126, 1128, 107, 1134, 112, 1152, 131, 644, 1161, 138, 650, 141, 144, 156, 1189, 166, 173, 174, 1207, 188, 194, 1218, 1220, 197, 1222, 1224, 202, 216, 217, 226, 233, 1257, 1258, 1259, 239, 250, 253, 258, 781, 786, 286, 287, 291, 307, 308, 310, 312, 831, 325, 326, 328, 329, 331, 333, 353, 362, 379, 380, 406, 424, 937, 427, 429, 437, 972, 462, 465, 471, 490, 492}",22.0,"{138, 406, 287, 291, 548, 1059, 166, 1075, 54, 831, 1091, 202, 331, 462, 80, 465, 86, 1257, 362, 490, 250, 380}",12.0,"{291, 1059, 1257, 202, 138, 362, 490, 80, 465, 1075, 380, 287}",5.0,"{1059, 1257, 202, 490, 1075}",2.0,"{202, 490}",1.0,{490},1.0,{490},1.0,{490},1.0,{490},1.0,{490},1.0,{490},1.0,{490},1.0,{490},1.0,{490},,,,,,,,,,,,,,,,,,,,,,,,,,,,,,,,,,,,,,,,,,,,,,,,,,,,,,,,,,,,,,,,,,,,,,,,,,,,,,,,,,,,,,,,,,,,,,,,,,,,,,,,,,,,,,,,,,,,,,,,,,,,,,,,,,,,,,,,,,,,,,,,,,,,,,,,,,,,,,,,,,,,,,,,,,,,,,,,,,,,,,,,,,,,,,,,,,,,,,,,,,,,,,,,,,,,,,,,,,,,,,,,,,,,,,,,,,,,,,,,,,,,,,,,,,,,,,,,,,,,,,,,,,,,,,,,,,,,,,,,,,,,,,,,,,,,,,,,,,,,,,,,,,,,,,,,,,,,,,,,,,,,,,,,,,,,,,,,,,,,,,,,,,,,,,,,,,,,,,,,,,,,,,,,,,,,,,,,,,,,,,,,,,,,,,,,,,,,,,,,,,,,,,,,,,,,,,,,,,,,,,,,,,,,,,,,,,,,,,,,,,
53,HUMAN,2.0,16.0,"{450, 548, 38, 326, 1096, 1257, 138, 1130, 173, 528, 499, 1049, 251, 190, 222, 447}",1.0,{548},,,,,,,,,,,,,,,,,,,,,,,,,,,,,,,,,,,,,,,,,,,,,,,,,,,,,,,,,,,,,,,,,,,,,,,,,,,,,,,,,,,,,,,,,,,,,,,,,,,,,,,,,,,,,,,,,,,,,,,,,,,,,,,,,,,,,,,,,,,,,,,,,,,,,,,,,,,,,,,,,,,,,,,,,,,,,,,,,,,,,,,,,,,,,,,,,,,,,,,,,,,,,,,,,,,,,,,,,,,,,,,,,,,,,,,,,,,,,,,,,,,,,,,,,,,,,,,,,,,,,,,,,,,,,,,,,,,,,,,,,,,,,,,,,,,,,,,,,,,,,,,,,,,,,,,,,,,,,,,,,,,,,,,,,,,,,,,,,,,,,,,,,,,,,,,,,,,,,,,,,,,,,,,,,,,,,,,,,,,,,,,,,,,,,,,,,,,,,,,,,,,,,,,,,,,,,,,,,,,,,,,,,,,,,,,,,,,,,,,,,,,,,,,,,,,,,,,,,,,,,,,,,,
54,PANTR,1.0,3.0,"{289, 314, 450}",,,,,,,,,,,,,,,,,,,,,,,,,,,,,,,,,,,,,,,,,,,,,,,,,,,,,,,,,,,,,,,,,,,,,,,,,,,,,,,,,,,,,,,,,,,,,,,,,,,,,,,,,,,,,,,,,,,,,,,,,,,,,,,,,,,,,,,,,,,,,,,,,,,,,,,,,,,,,,,,,,,,,,,,,,,,,,,,,,,,,,,,,,,,,,,,,,,,,,,,,,,,,,,,,,,,,,,,,,,,,,,,,,,,,,,,,,,,,,,,,,,,,,,,,,,,,,,,,,,,,,,,,,,,,,,,,,,,,,,,,,,,,,,,,,,,,,,,,,,,,,,,,,,,,,,,,,,,,,,,,,,,,,,,,,,,,,,,,,,,,,,,,,,,,,,,,,,,,,,,,,,,,,,,,,,,,,,,,,,,,,,,,,,,,,,,,,,,,,,,,,,,,,,,,,,,,,,,,,,,,,,,,,,,,,,,,,,,,,,,,,,,,,,,,,,,,,,,,,,,,,,,,,,,
